username,rating,content,at,sentiment
Pengguna Google,5,sangat membantu dan mudah dalam menggunakannya,2026-07-15 22:19:37,positif
Pengguna Google,1,app bapuk.. buat upload file ga bisa,2026-07-15 11:30:08,negatif
Pengguna Google,4,ga bisa login dg google ga bisa login dg apapun pokoknya. beresin bugnya donk,2026-07-14 22:16:36,positif
Pengguna Google,1,"banyak bug gk jelas,akun keluar sendiri,nilai gk masuk,menghambat banget",2026-07-11 15:44:07,negatif
Pengguna Google,2,"terlalu sering dapat notifikasi yang tidak jelas, tiba tiba masuk spam notifikasi tapi saat di klik tidak ada apa apa! tidak bisa di mute, ntah apa tujuan nya yang pasti sangat mengganggu! fitur claim point sering error, akses materi sering error baik bagi dosen maupun bagi mahasiswa. pencarian orang di menu pesan / chat tidak efektif, mencari DPA, mencari teman kelas tidak ada hasil, aneh. mohon perbaikan nya khusus nya notifikasi yang sangat mengganggu!",2026-07-10 13:13:34,negatif
Pengguna Google,5,"hallo min, kenapa edlinknya tidak bisa diunduh lagi yaa ? saya ingin mengunduh ulang karena kemarin hp saya ada rusak jadi harus di restart ulang",2026-07-08 09:10:07,positif
Pengguna Google,2,"Mohon diperbaiki, aplikasi stuck loading lama setelah login akun student UIN Ar-Raniry, padahal kalau lewat web lancar lancar saja. Terima kasih.""",2026-07-07 21:17:54,negatif
Pengguna Google,1,"banyak bugh, nya terutama di sistem keuangan, sekali bugh udh kyk Ngerampok😭😭😭 semoga bisa lebih baik lgi apk nya🙏",2026-07-04 16:51:55,negatif
Pengguna Google,4,"halo min bisa tidak edlink nya di-update dibagian mengirim file nya. tolong jangan dibuat 10 MB bisa buat lebih lagi, soalnya kadang ngirim tugas lebih dari itu kadang bikin susah aja",2026-07-02 15:34:16,positif
Pengguna Google,1,apk jelek,2026-07-01 11:43:06,negatif
Pengguna Google,5,"admin, kok beberapa kelas matkul materinya gx bisa diakses ya?,,,,,semua malah kosong gx ada apa2, tolong diperbaiki dong min bug nya",2026-06-26 20:38:30,positif
Pengguna Google,5,mantap,2026-06-25 19:50:26,positif
Pengguna Google,1,"ngelek banget apk nya,mana pas lgi butuh dia ngelek mulu",2026-06-19 16:10:10,negatif
Pengguna Google,2,"Kenapa edlink sekarang sering error, padahal sudah berkali-kali di upgrade mohon segera di perbaiki ya, terima kasih.",2026-06-15 21:42:32,negatif
Pengguna Google,4,"ada bug yg bikin kesel, ketika mau upload ke gdrive melalui edlink pasti disuruh ""Permission penyimpanan diperlukan"" tapi ketika dipencet malah gk ada opsi buat mengizinkan itu.",2026-06-15 10:58:02,positif
Pengguna Google,2,"Apk sampah, kok gak bisa upload 3 file tugas sekaligus?",2026-06-13 16:58:08,negatif
Pengguna Google,1,banyak bug,2026-06-12 13:32:27,negatif
Pengguna Google,5,kampus ungu icsada Bojonegoro memudahkan kami dalam belajar melalui program rpl dengan tenaga dosen yang ramah,2026-06-12 09:30:35,positif
Pengguna Google,1,"halo min mohon maaf min mau bertanya, min ini kenapa ya saya mau mengunduh file dari dosen ga bisa di unduh kenapa ya? btw kalau ada bug atau error di update lagi secara bertahap aja min jangan lupa memikiran realistisnya juga min",2026-06-09 15:49:46,negatif
Pengguna Google,1,lebih bagus versi sebelumnya,2026-06-06 09:58:04,negatif
Pengguna Google,1,bisa lagi kembalikan fitur yang dulu sebelum versi sekarang ini karena Lebih susah akses materi sekarang daripada yang sebelumnya,2026-06-04 15:32:34,negatif
Pengguna Google,5,sangat membantu,2026-06-03 07:20:15,positif
Pengguna Google,1,"muter-muter pas ngerjain, bikin waktu ke pangkas",2026-06-02 09:11:46,negatif
Pengguna Google,1,"spam notifikasi nilai tugas diterima pas di klik notifnya ga tertuju pada satu tugas hanya ada di beranda edlink, ini sangat menganggu.",2026-06-02 08:47:55,negatif
Pengguna Google,1,"kenapa tidak bisa terhubung ke internet yaa? saya mau ngumpulin tugas jadi tidak bisa apakah server error? sudah di uninstal tapi tetep sama, mohon perbaiki secepatnya.",2026-05-29 20:38:38,negatif
Pengguna Google,1,"saya upload tugas 5 kli pun gk kekirim k dosen, buat perbaikan lah ya, saya sampe gk ada nilai uts saya!",2026-05-29 08:10:39,negatif
Pengguna Google,1,materi susah didownload jadi nial gw kecil,2026-05-25 13:29:11,negatif
Pengguna Google,5,Easy to use,2026-05-24 21:09:14,positif
Pengguna Google,1,"aplikasi jelek, banyak tugas👎👎👎",2026-05-23 10:38:36,negatif
Pengguna Google,4,"tolong dong min balikin fitur yang bisa lihat materi yg udah dibagikan sebelum sebelumnya, sama yg bisa lihat presensi. soalnya butuh bnaget yg itu",2026-05-22 07:44:21,positif
Pengguna Google,5,"setelah diupdate aplikasinya, link filenya jadi tidak bisa dibuka. padahal dulu sebelum update, link filenya bisa dibuka dan ngak lag",2026-05-20 10:11:38,positif
Pengguna Google,5,bagus,2026-05-19 20:42:30,positif
Pengguna Google,5,min tolong dong servernya benerin ada tugas nih aduhhhh jadi gak bisa ngirimmm,2026-05-19 19:18:34,positif
Pengguna Google,1,gak jelas satu aplikasi tapi tampilan beda-beda di tiap akun mahasiswa bikin mahasiswa sering ketinggalan informasi karena tampilannya gak sama merata,2026-05-19 15:45:53,negatif
Pengguna Google,5,update yang luar bisaa👌🔥,2026-05-19 08:26:44,positif
Pengguna Google,1,gk bisa quiz,2026-05-18 11:24:09,negatif
Pengguna Google,1,Update kali ini mengecewakan..,2026-05-18 10:49:21,negatif
Pengguna Google,1,"saya sangat tidak suka dengan sistem yang baru ini, saya tidak bisa dengan leluasa dalam membuka semua sesi sesi yang ada",2026-05-18 09:26:31,negatif
Pengguna Google,1,update makin jelek anjir sekarang gak bisa liat detail kelasnya padahal sebelumnya bisa lihat waktu klik jadwal harian di kalender,2026-05-17 18:22:01,negatif
Pengguna Google,4,"Rapi, bagus overall. Tapi tolong buat supaya kalo mau up foto tugas jangan maks 10 mb, mau up banyak foto kami yang susah. sama kalo mau up foto dari galeri ke server, buat supaya jangan harus up satu-satu, capek",2026-05-12 22:47:04,positif
Pengguna Google,5,overall Aplikasi nya bagus sangat membantu tidak ada error atau bug Sama sekali saya suka aplikasi nya cukup membantu buat absensi saya di kuliah tingkatkan lagi ya,2026-05-09 01:21:17,positif
Pengguna Google,2,kaka kenapa saya punya pas login ada kesalahan server,2026-05-08 08:21:36,negatif
Pengguna Google,1,ribet hapus aja aplikasinya,2026-05-05 14:52:23,negatif
Pengguna Google,1,ruwet,2026-05-05 14:32:15,negatif
Pengguna Google,1,Tolong dioptimalkan lagi aplikasi edlink ini saya mau absen suka bermasalah Mulu kayak tidak valid lah padahal akun nya bener,2026-05-05 08:34:37,negatif
Pengguna Google,5,"halo min, saya telah melakukan pembayaran namun status di aplikasi belum terkonfirmasi telah dibayar otomatis, dan saya sudah email namun belum juga ditindaklanjuti , tolong tambahkan fitur konfirmasi manual dengan memberikan bukti foto pembayaran. update uang sudah dikembalikan dan harus dilakukan pembayaran ulang.",2026-05-05 05:02:50,positif
Pengguna Google,1,kenapa opsi membayar dengan BSI dihilangkan ya? padahal sebelumnya ada. ini membuat saya susah dalam melakukan pembayaran,2026-05-04 14:22:57,negatif
Pengguna Google,5,aplikasi yang sangat bermaanfaat untuk belajar,2026-05-04 11:28:15,positif
Pengguna Google,1,awalnua berfungsi dengan baik. tapi akhir2 ini bermasalah... gimana dong ini,2026-05-03 20:22:05,negatif
Pengguna Google,1,aplikasi error masa minta kode pas aku masukin kode verifikasi malah gak bisa udah berapa kali coba aneh,2026-05-02 21:20:26,negatif
Pengguna Google,5,lengkap,2026-04-29 19:56:58,positif
Pengguna Google,4,🙌makassih udah membantu bangetz 🤝🙏,2026-04-27 08:57:39,positif
Pengguna Google,1,tolong perbaiki apk setiap kali saya buka selalu terjadi kesalahan pada server,2026-04-26 06:32:27,negatif
Pengguna Google,5,ganti logo burung,2026-04-25 02:43:43,positif
Pengguna Google,4,"please tambahkan fitur buat karakter dan asesorisnya. agar lebih menarik, buat seperti sistem game.",2026-04-24 20:44:20,positif
Pengguna Google,1,"erorr mulu, ga bisa login",2026-04-22 21:23:35,negatif
Pengguna Google,1,suka ngga bisa diakses,2026-04-22 13:46:28,negatif
Pengguna Google,1,Aplikasinya masih banyak kekurangan nya contohnya pada saat apload tugas nya biar jaringan bagus tetap ada kendalanya,2026-04-20 21:10:54,negatif
Pengguna Google,2,"hilangkan sistem gak bisa di sreenshoot!!, tambahkan fitur absen upload dari galery!",2026-04-18 16:40:31,negatif
Pengguna Google,5,keren,2026-04-17 00:09:17,positif
Pengguna Google,1,tidak bisa di akses menggunakan wifi,2026-04-16 10:02:30,negatif
Pengguna Google,5,mempermudah bagi mahasiswa baru,2026-04-12 11:35:43,positif
Pengguna Google,5,"min, coba tolong tambahin itu deh, fitur buat nambahin asdos ke kelas di edlink.",2026-04-11 13:10:28,positif
Pengguna Google,1,Tolong diperbaiki sistem kalendernya masa libur nasional tetap terjadwal padahal dari pihak kampus sudah di liburkan,2026-04-09 07:52:16,negatif
Pengguna Google,4,tolong perbaiki lagi buat ruang penyimpanan nya dijadiin lebih dari 100mb karena saya gabisa ngumpulin tugass 😭😭 mau hapus tapi file nya masih dalam periode aktif,2026-04-08 19:49:57,positif
Pengguna Google,4,"saya kasih bintang 4 dikarenakan aplikasi ini kurangnya di bagian pengumpulan tugas dengan ukuran hanya 10 mb untuk kedepannya mungkin boleh lebih dari 10 mb, untuk fitur yang lain aplikasi ini sudah sangat bagus",2026-04-04 22:21:56,positif
Pengguna Google,1,terlalu banyak error,2026-04-02 16:58:08,negatif
Pengguna Google,1,"tolong tambahkan fitur upload scan qr dengan screenshot, orang yang hanya memiliki 1 device dan digunakan untuk zoom jadi tidak bisa scan pada layar yang di bagikan, hal ini sangat menyusahkan ketika zoom",2026-04-02 16:49:22,negatif
Pengguna Google,1,"jelek, harus punya 2 hp atau punya laptop kalo online untuk absen pribadi nya",2026-04-02 10:58:32,negatif
Pengguna Google,1,"setelah update ada beberapa bug di android seperti tidak bisa menekan link yang ada, jika menggunakan gform untuk kuis kadang jawaban terhapus sendiri dan masih banyak lagi",2026-04-02 07:49:10,negatif
Pengguna Google,1,sering restart sendiri,2026-03-31 11:42:37,negatif
Pengguna Google,1,"TOLONG DONG EDLINK SAYA KO EROR YA, banyak tugas kuliah tolong jangan eror eorrrrr",2026-03-31 09:55:02,negatif
Pengguna Google,1,"semenjak update, mau download materi jadi ga bisa lg. udh di refresh, relog, coba uninstall, ttp ga bisa di download. kacau, mana notif materi/tugas baru selalu telat, bahkan ga muncul sama sekali",2026-03-29 14:24:18,negatif
Pengguna Google,4,"aplikasi oke, tapi tolong dong untuk kapasitas penyimpanan jangan cuma 100MB cepet penuh soalnyaaa. file tugas 1mb aja ga bisa masuk(((",2026-03-17 12:03:09,positif
Pengguna Google,1,pas absen sudah kedetect hijau . pas klik malah tulisanya file upload maximal 2048kb lah setting cameranya juga dmna . tanya IT cuman suruh log out dan log in lagi . setelah itu tetep gak bisa.,2026-03-16 20:55:12,negatif
Pengguna Google,2,"mohon maaf, kadang tidak ada notifikasi muncul materi atau tugas atau kuis di hp saya, tolong di perbaiki lagi yaa",2026-03-16 13:20:18,negatif
Pengguna Google,1,lama kak waktu login,2026-03-16 11:27:51,negatif
Pengguna Google,2,"notif ga gc muncul kadang suka ketinggalan tugas, kalo nyelesain daily quest misi nya suka ga bisa di klaim, ada beberapa bug lainnya juga yang males banget gw jelasin, introspeksi diri aja sebagai developer",2026-03-10 12:58:06,negatif
Pengguna Google,5,𝑩𝒂𝒊𝒌,2026-03-09 06:32:37,positif
Pengguna Google,1,"face recognition ga bisa diubah, gimana nih developer???",2026-03-07 16:30:57,negatif
Pengguna Google,1,tolong untuk fitur absensi lebih lengkap. untuk yang tidak bisa hadir kesulitan ingin mengajukan izin. dan file yg di upload baik oleh mahasiswa ataupun dosen kadang tidak tampil,2026-03-06 19:36:42,negatif
Pengguna Google,5,sangat bagus,2026-03-05 19:10:02,positif
Pengguna Google,5,baik,2026-03-05 15:59:13,positif
Pengguna Google,1,"saya minta notifikasi 2 jam deatline, jadi kalok ada tugass yang deatline nya kurang dari 2 jam ada notif yang berupa kaya alaram yang bunyinya lama teruss paparkan notifikasi tugass tersebut notifikasi deatline nya bisa di atur nyala atau gak.",2026-03-03 07:48:01,negatif
Pengguna Google,2,tidak bisa klik link sama sekali di perangkat samsung saya.,2026-03-03 06:23:14,negatif
Pengguna Google,5,Sangat membantu sekali.,2026-03-02 17:14:48,positif
Pengguna Google,1,"susah jaringan, padahal loh full jaringan tapi tetap aja kendala nya di jaringan,dan ndk ada notifikasi tugas kadang terlambat ngumpul tugas karena jaringan dan otomatis edlink ndk bisa di buka",2026-03-02 11:52:53,negatif
Pengguna Google,2,Aplikasi ini sebenarnya membatu untuk absensi dan tugas akan tetapi terkadang ada bug untuk mengerjakan tugas muter terus akan tetapi waktu terus berjalan sehingga saya telat mengerjakan tugas yang telah diberikan dan tidak mendapat nilai yang memuaskan,2026-03-02 09:03:14,negatif
Pengguna Google,4,"nilai semester kemarin belum keluar, ini salah kampus apa salah siapa sih",2026-02-28 02:29:43,positif
Pengguna Google,5,lebih simple👍,2026-02-27 11:59:10,positif
Pengguna Google,1,ini kenapa sih aplikasi setiap saya masuk ke aplikasi nya selalu aja server bermasalah udh beberapa hari nih begini jadi gabisa ngerjain tugas,2026-02-22 18:49:33,negatif
Pengguna Google,5,min tolong adain fitur dark mode dong,2026-02-21 16:23:34,positif
Pengguna Google,2,banyak troubleshoting ga jelas pengiputan nilai gimana ya oiii tolong di perbaiki,2026-02-20 11:12:58,negatif
Pengguna Google,1,"tolong perbaiki lagi.... akun adikku tidak bisa masuk, tidak bisa ngambil krs dll.... banyak banget kendalanya.... tolong untuk developer optimalkan lagi....",2026-02-17 18:39:16,negatif
Pengguna Google,5,"bagus, tp ini nilai saya ga keluarrrr kenapaa yaa?? maintenance nya jgn lama²",2026-02-15 14:11:55,positif
Pengguna Google,1,aplikasinya selalu sering kasih tugas buat saya pusing kepala,2026-02-14 22:07:24,negatif
Pengguna Google,5,Bagus.,2026-02-14 00:30:30,positif
Pengguna Google,1,"ini kenapa ya, ko jadwal matkulnya bnyk yang ga muncul di edlik pdhl udah isi krs",2026-02-11 14:21:57,negatif
Pengguna Google,1,saya kurang UAS karna perizinan penyimpanan ngak bisa mau ngirim file tugas jga gak bisa tolong perbaiki lagi saya dari institut seni Indonesia Padang panjang,2026-02-10 19:33:30,negatif
Pengguna Google,5,Aplikasi Sangat Membantu Dalam Penyajian Informasi Perkuliahan,2026-02-10 12:37:41,positif
Pengguna Google,1,"apk gak jelas mau login aja lama banget, bikin sabarku ilang😡",2026-02-10 08:51:33,negatif
Pengguna Google,2,"sistem point gak jelas, notif juga sering gada. kurang membantu, sistem absensi juga nda jelas.",2026-02-02 11:30:42,negatif
Pengguna Google,1,lelet banget akhir-akhir ini,2026-02-02 10:53:54,negatif
Pengguna Google,1,"servernya tolong di tingkatin lagi, soalnya lag banget padahal jaringan saya bagus",2026-02-02 09:50:58,negatif
Pengguna Google,5,"saya Dosen UIN SAIZU PURWOKERTO menyampaikan apresiasi yang baik untuk aplikasi Edlink dari SEVIMA. Tampilan yang sederhana, tersedia ujian berbasis CBT (online) dan langsung menghasilkan nilai secara automatis di Edlink, presensi Mahasiswa yang simpel dan editing jurnal dengan mudah melalui Edlink. terima kasih",2026-01-30 15:16:07,positif
Pengguna Google,5,sangat membantu untuk perkuliahan,2026-01-30 14:46:33,positif
Pengguna Google,1,apk nya terlalu bermanfaat,2026-01-28 16:38:26,negatif
Pengguna Google,1,"ini bug apa gimana ya??? tolong aku ga bisa ngirim jawaban tugas, pas udah pilih file atau text tombol buat ngirimnya ilang aku udah ngalamin ini berkali kali gabisa... tolong diperbaiki",2026-01-28 09:51:36,negatif
Pengguna Google,1,"saya sudah mengatur waktu otomatis sesuai yg diinstruksikan, tetapi muncul terus pemberitahuannya",2026-01-27 23:26:08,negatif
Pengguna Google,2,"kenapa ya aku kan udah ngerjain kuis, tpi kok muncul lagi dan tulisannya kerjakan kuis, nilai ku gak ada, helppp!! 😭😭😭",2026-01-24 22:44:06,negatif
Pengguna Google,1,"aplikasi gk jelas, sudah 2x kali setiap ingin pengumpulan tugas susah sekali buat upload file nya. bisa sih di atasi pake laptop tapi kalau lagi gk bawa laptop bahaya banget, dan harus konfirmasi ke dosennya itupun kalo dosennya pengertian.",2026-01-22 14:48:19,negatif
Pengguna Google,2,ini gak tau masalahnya datang dari kampusnya atau emang dari aplikasinya yang dimana mata kuliah yang muncul dibagian menu transkrip tidak lengkap dan nilai IPKnya juga beda dengan yang ada pada menu kemajuan belajar. dan ada mata kuliah yang hilang pada menu kemajuan belajar juga sehingga mengurangi SKS yang ada (saya gak tau ini dari aplikasinya atau kampus) dan masalah lainnya tidak bisa melihat nilai dari periode sebelumnya,2026-01-20 19:58:19,negatif
Pengguna Google,4,Aplikasi nya bagus untuk pelajaran,2026-01-19 08:10:16,positif
Pengguna Google,4,mohon dong untuk di perbaiki daily quest nya di bagian point quiz dan pengumpulan tugas nya gak di diklaim padahal udah ada 2 Minggu saya ngerjainnya tapi masih belum bisa di klaim tolong segera di perbaiki lagi dong 🙏,2026-01-18 14:31:08,positif
Pengguna Google,1,"kenapa edlink tidak bisa mengakses pakek wifi dan tidak bisa ngirim tugas, mohon cepat di perbarui, aplikasi masuk error truss",2026-01-16 20:03:16,negatif
Pengguna Google,5,aplikasi bagus buat mempermudah percakapan dosen dan mahasiswa tapi akhir akhir ini engga bisa klaim point tugas dan quiz yah tolong dong perbaiki lagi aplikasi 🙏,2026-01-14 08:21:28,positif
Pengguna Google,5,ok,2026-01-14 00:07:52,positif
Pengguna Google,1,"GJ, disuruh atur waktu mulu padahal udah",2026-01-13 20:26:37,negatif
Pengguna Google,2,"Aplikasi ""BODOH"", karena tidak bisa mentedeksi ketersediaan internet lewat data seluler saat mengerjakan quiz, perbaiki itu woi",2026-01-13 11:44:05,negatif
Pengguna Google,1,"tolong lah notifikasi nya kok sering ga adaaa, apa lagi kalo ada dosen yg ngasih pemberitahuan tolong lah diperbaiki😒",2026-01-13 10:22:21,negatif
Pengguna Google,1,koin sekarang tidak bisa di claim lagi,2026-01-11 08:50:23,negatif
Pengguna Google,1,"servernya di tingkatin lain ya, saya suka ngelag tiba tiba padahal jaringan saya bagus mana lagi quis ngelag nya",2026-01-07 10:07:47,negatif
Pengguna Google,1,"kok edlink ak ga masuk notifikasi kalo ada tugas teman2 ku pada bisa kenapa punya ku gabisa , gimana mau kirim tugas kalo gini",2026-01-05 10:55:32,negatif
Pengguna Google,1,"Halo, saya pengguna aplikasi ini. Secara umum aplikasinya bagus dan membantu, tapi ada masalah besar: akun sering otomatis log out jika tidak membuka aplikasi beberapa hari. Hal ini membuat saya tertinggal materi dan tugas penting dari dosen, yang bikin stress banget. Mohon fitur ini diperbaiki supaya pengguna bisa mengandalkan aplikasi ini tanpa khawatir ketinggalan info.",2026-01-04 00:19:25,negatif
Pengguna Google,2,saya tidak bisa login padahal saya sudah memasukkan ID dan password dengan benar. Tolong diperbaiki segera developer,2026-01-03 11:10:17,negatif
Pengguna Google,5,suka ngelag gasuka,2025-12-26 15:00:41,positif
Pengguna Google,5,sangat membantu untuk dunia pendidikan,2025-12-26 11:23:34,positif
Pengguna Google,2,"Kenapa edlink saya tidak bisa loginnn tolong saya mau ngumpulin tugas, tolong atasi sekarang",2025-12-25 15:37:33,negatif
Pengguna Google,5,"Dengan adanya akun ini memperlancar sistem pembelajaran, terimakasih kepada STIK Sint Carolus yang telah memberi fasilitas ini. GBU",2025-12-22 14:48:43,positif
Pengguna Google,5,"aplikasinya bagus, tapi terkadang saat saya masukkan nilai angkanya bisa berubah sendiri 80 jadi 79, 70 jadi 69. nge bug atau apa, jadi tolong di perbaiki",2025-12-20 14:23:02,positif
Pengguna Google,4,memudahkan,2025-12-20 08:31:50,positif
Pengguna Google,1,notif jadi tidak muncul setelah di update👎👎,2025-12-19 19:44:12,negatif
Pengguna Google,1,makin di update makin lemott pliss,2025-12-17 19:51:39,negatif
Pengguna Google,5,👍👍👍👍,2025-12-16 12:31:49,positif
Pengguna Google,1,notif telat kadang tidak masuk terus quiz padahal internet ada dan stabil dibilang no connection hadeh nilai auto 0 aneh bat,2025-12-16 08:04:00,negatif
Pengguna Google,5,"sangat bagus,berguna untuk perkuliahan",2025-12-12 19:57:12,positif
Pengguna Google,5,"kenapa edlink saya tidak muncul notifikasi,sehingga saya banyak ketinggalan informasi/ tugas ,,biasanya sebelum edlink update notifikasi nya selalu muncul di hp saya 😭",2025-12-12 13:07:34,positif
Pengguna Google,1,"setelah update tidak ada notif, saya jadi terlewat tugas dan di DO",2025-12-10 14:46:56,negatif
Pengguna Google,1,"tolong dong perbaikan nya,sering ketinggalan notifikasi kelas online jangan kaya gitu dong",2025-12-10 05:12:18,negatif
Pengguna Google,5,"Aplikasi yang sangat keren, terima kasih sudah membuat aplikasi yang keren seperti ini. Gokil",2025-12-09 17:13:15,positif
Pengguna Google,1,"aplikasi gajelas, notifikasisekarang sering tidak masuk sehingga saya banyak ketinggalan tugas dan quiz",2025-12-09 16:07:11,negatif
Pengguna Google,1,selalu terjadi bug kalau mau claim point,2025-12-07 11:48:35,negatif
Pengguna Google,1,"Kenapa beberapa hari ini, untuk klaim koin tidak bisa lagi????. Padahal sebelum nya normal aja sebelum di update",2025-12-07 07:55:48,negatif
Pengguna Google,1,parah abis update jadi tidak bisa ngerjain quiz,2025-12-06 22:35:42,negatif
Pengguna Google,1,"sering banget eror, sudah nonton video 100% tapi tidak terecord",2025-12-06 11:13:58,negatif
Pengguna Google,1,notifikasinya sering ga muncul padahal izin semua udah di aktifin,2025-12-04 07:20:50,negatif
Pengguna Google,4,"Jadi ada iklan pas awal"" pake gak ada iklan,trus biasanya tugas yang udah di kerjain suka ilang sendiri sekarang mah gak ilang, trus sekarang jadi gak bisa lihat partisipan yang udah ngumpulin tugas",2025-12-03 18:57:32,positif
Pengguna Google,5,Sangat membantu,2025-12-03 01:47:14,positif
Pengguna Google,5,"bagus, dan sangat berguna sebagai e-learning yang membantu mahasiswanya untuk belajar, mengkaji ulang mata kuliah, dan melihat sudah sampai manakah kemampuan diri kita.",2025-12-02 10:08:07,positif
Pengguna Google,5,mantab,2025-12-02 09:46:46,positif
Pengguna Google,5,apknya bgus untuk melihat jadwal kuliah dan degan absen menggunakan barcode degan mudah,2025-12-01 23:04:25,positif
Pengguna Google,1,"di perbarui bukannya makin bagus malah sering error, masa ngerjain quiz sinyal bagus di bilang terkendala sinyal internet gimana sih?",2025-12-01 21:37:38,negatif
Pengguna Google,2,"jaringan saat mengerjakan quiz sangat buruk, saya sudah memilih yang benar, malah menjadi salah, dan itu sering terjadi. memang ada kemungkinan jaringan sendiri tapi mohon di mengerti jika kami di berada di tempat yang jelek dengan jaringan.",2025-12-01 14:50:18,negatif
Pengguna Google,5,aplikasi yang sangat membantu di saat kita berada di mana saja karena kita bisa mengetahui informasi terupdate,2025-11-29 12:06:43,positif
Pengguna Google,1,lagi kuis tiba tiba tidak terhubung internet padahal udah pake wifi sama data lancar,2025-11-28 16:54:39,negatif
Pengguna Google,1,ulah selfi selfi lah lier min,2025-11-28 13:13:23,negatif
Pengguna Google,5,aman,2025-11-28 12:51:23,positif
Pengguna Google,1,"akhir2 sekarang, susah untuk di akses",2025-11-26 19:27:18,negatif
Pengguna Google,1,student engagement score kok hilang sih? terus gimana buat yang kuliah online lihat absennya dari situ,2025-11-26 11:43:28,negatif
Pengguna Google,4,"Saat kuis, alangkah baiknya ada keterangan soal yang salah dan benar, agar kami tahu soal-soal apa saja yang kami salah dalam menjawabnya, seringkali bingung sebenarnya soal yang kami jawab salah itu yang mana?!?!? Semoga ada perbaikan.",2025-11-21 13:09:26,positif
Pengguna Google,1,hapus aja fitur presensi pakai scan wajah banyak orang ga bisa presensi dan di anggap dosen ngga hadir gara-gara masalah ini. fitur ini sangat merugikan banyak mahasiswa.,2025-11-20 13:56:33,negatif
Pengguna Google,5,seneng sekali bisa menjelajah di aplikasi edlink,2025-11-19 22:12:59,positif
Pengguna Google,1,"Untuk bagian keuangan sangat tidak Ter update, Kita yg kelas karyawan Hanya bisa Melihat tagihan di aplikasi, sedangkan ada pembayaran lain yg wajib hrus di lunasi selain yg di aplikasi, tlong untuk sistem nya di update lagi/di sosialisasikan kembali ke kampus² nya agar semua pembayaran transparan di aplikasi!",2025-11-17 09:20:42,negatif
Pengguna Google,5,mantap sangat membantu mahasiswa,2025-11-16 20:39:33,positif
Pengguna Google,5,"udh bagus skr semua lancar, nah gini dong mantap",2025-11-15 13:41:24,positif
Pengguna Google,5,mungkin di bagian leaderboard mahasiswa bisa ganti dengan fto mahasiswa,2025-11-11 22:33:59,positif
Pengguna Google,5,"Tolong pihak edlink plis buatkan apabila ada mahasiswa belum ngumpul tugas 30menit sbelum waktunya dikasih notifikasi untuk peringatannya , karna hal itu sangat membantu tolong dibaca ulasan ini",2025-11-11 09:43:04,positif
Pengguna Google,5,"Aplikasi yang sangat bermanfaat dan membantu dalam proses perkuliahan, jika ada masalah atau kendala tersedia room umum untuk menulis kendala dan akan ditindak lanjuti untuk diperbaiki",2025-11-10 13:51:49,positif
Pengguna Google,1,"Sangat dan teramat tidak bagus. Suka loading dan lama padahal jaringan tetap bagus. Kalau ada materi dan tugas masuk, gak pernah ada muncul notifnya",2025-11-10 09:29:07,negatif
Pengguna Google,2,"Saran saya, segera di tambahkan fitur notifikasi ( alarm) untuk tugas yang akan deadline, jadi tidak harus selalu membuka apk, untuk melihat ada tugas tidaknya.. itu terlalu ribet menurut kami mahasiswa... semoga secepatnya di perbaiki.. terimakasih..",2025-11-07 19:38:58,negatif
Pengguna Google,5,aplikasinya bagus sangat membantu perkuliahan saya,2025-11-06 12:28:44,positif
Pengguna Google,5,"sejauh ini mungkin ini yang paling jauh,tapi kalo bisa saran saya buat notifikasi kalo mau quis gitu ada notif nya bahwasanya dosen sudah mulai cape mantau mantau udahlah dosen nya kadang gak bilang aba aba kita udah bisa mulai eh mau kadang hampir tertinggal,bdw satu lagi bisa buat tambahi wingdet biar gak lupa jadwal sama pengingat kalo udah besok nya mau masuk,terus kalo pembayaran cicilan buat juga nonfifkasi jangan cuma ke Gmail aja nonfifkasi maaf bukan gak suka sama apk ,saya beri saran",2025-11-06 10:25:39,positif
Pengguna Google,5,Menurut saya Aplikasi Edlink sangat membantu proses pembelajaran daring. Desain tampilannya simpel dan mudah dipahami sehingga saya dapat mudah mengakses materi atau mengirim tugas. Fitur-fiturnya juga lengkap dan praktis digunakan. Semoga ke depan Aplikasi Edlink semakin baik lagi.,2025-11-05 18:35:45,positif
Pengguna Google,5,sangat puas,2025-11-04 18:27:05,positif
Pengguna Google,5,"mohon di perbaiki lagi ya ka, kendala jaringan sedangkan sy open youtube, IG, Tiktok, bisa jaringannya bagus",2025-11-04 08:58:54,positif
Pengguna Google,1,Daily quest tidak bisa klaim. Padahal sudah ngumpulin tugas tapi poinnya tidak bisa di klaim.,2025-11-03 21:15:44,negatif
Pengguna Google,1,buq daily qoutes nya mohon diperbaiki,2025-11-01 15:38:51,negatif
Pengguna Google,4,ngak bisa kelaim poin walapun udh login ulang berkali kali,2025-10-29 12:29:47,positif
Pengguna Google,1,"ini sistem daily quest nya knp ya? kok gx bisa di klaim,sok-sokan buat reward,tp sistemnya hancur maaf min,ini saya beri bintang 1,karena tidak ada perubahan,masa berubahnya cuma sehari,trus rusak lagi,coba dong gmn sih",2025-10-29 12:23:26,negatif
Pengguna Google,1,"Notifikasi, jarang masuk, kelas jadi banyak terlewat atau membutuhkan aplikasi pihak ke-3 untuk pemberitahuan alternatif",2025-10-28 22:50:11,negatif
Pengguna Google,1,quiz sering ngebug,2025-10-27 11:07:29,negatif
Pengguna Google,4,"gimana sih, aplikasi nya sih emang bagus tapi kenapa ya pas quiz nya dh di submit malah banyak jawaban yg udh bener malah pindah sendiri berakhir salah , dh 2 kali lohh apalah , dahal aplikasinya membantu banget plis dong perbaikin☹️",2025-10-27 05:42:17,positif
Pengguna Google,5,download,2025-10-25 09:37:09,positif
Pengguna Google,2,"lemot bgt, load terus dan lama, baru sebntar udh penuh",2025-10-22 23:30:12,negatif
Pengguna Google,4,Bagus,2025-10-21 20:16:06,positif
Pengguna Google,5,kedepannya boleh tolong tambahkan fitur mematikan notifikasi komentar di setiap materi atau perbanyak fitur pilihan untuk notifikasi. terimakasih. aplikasinya cukup membantu,2025-10-19 21:18:31,positif
Pengguna Google,4,"tolong buat pengaturan notifikasi lebih terperinci, jadi bisa filter notifikasi prioritas",2025-10-19 20:56:54,positif
Pengguna Google,1,MENGECEWAKAN!!!!!!!!!!! GAK BERGUNA,2025-10-17 20:42:06,negatif
Pengguna Google,4,mohon dengan sangat agar aaplikasi edlink bisa tampil secara landscape karena pada tablet saya kesusahan untuk mengetik pesan. terimakasih,2025-10-15 20:53:11,positif
Pengguna Google,5,mantap luarbiasa,2025-10-15 09:25:05,positif
Pengguna Google,1,"udah ter upload tapi gak ada masuk malah jadi telat ngirim tugas habis waktu deadline gara"" ga masuk""",2025-10-14 19:17:28,negatif
Pengguna Google,1,"aplikasi gajelas, mau absen masa muka sendiri ga dikenal aneh ini. ga cocok untuk absensi",2025-10-14 14:39:16,negatif
Pengguna Google,1,"aplikasi burik, absen saja dipersulit, mau absen malah katanya berbeda dari yang didaftarkan",2025-10-14 14:38:17,negatif
Pengguna Google,1,aplikasinya jelek banget. masa saya absensi pake foto wajah berbeda dari yang di daftar.,2025-10-14 14:38:09,negatif
Pengguna Google,4,setelah di update kenapa sudah tidak bisa lagi buka pddikti ya?,2025-10-10 00:10:38,positif
Pengguna Google,4,KA punten ini saya masih susah untuk KRS yang dari web bisa tapi pas di apk tidak bisa bisa tolong jelasin kendalanya kenapa?,2025-10-09 20:58:41,positif
Pengguna Google,1,"makin update kok makin aneh makin berkurang fiturnya, dulu sampai smt 4 masih bisa unduh langsung file terlampir, sekarang tombol unduhnya gak ada, mau kirim tugas juga ngebug, diminta izin aplikasi terus, padahal semua izin sudah diapprove jadi lebih sulit untuk kirim tugas, kecewa pokoknya",2025-10-09 20:27:58,negatif
Pengguna Google,1,pusing mun dosen nya membari tugas trus,2025-10-03 23:37:37,negatif
Pengguna Google,1,"Notifikasi sering tidak masuk jadi sering tertinggal dan membuat miskomunikasi antara dosen dan Mahasiswa. Tambahan, Fitur edit foto profile bermasalah. Helpdesk ditanya bukannya kasih solusi malah bilang di dia bisa. Kalau gitu kenapa enggak dikasihkan saja device-nya yang lancar ke user biar dipakai. Benar-benar jelek ini aplikasi baik dari fitur maupun helpdesk. 👎👎👎👎",2025-10-02 10:18:25,negatif
Pengguna Google,1,pemberian notifikasi pada mahasiswa lambat! banyak mahasiswa yang sering ketinggalan deadline karna notifikasi terlambat atau tidak ada! tolong perbaiki,2025-10-01 14:51:45,negatif
Pengguna Google,5,kak aplikasinya gak bisa login pakai akun mahasiswa saya hari ini,2025-10-01 09:25:27,positif
Pengguna Google,4,"Tolong periksa untuk device Redmi Note 8, pada fitur camera scan QR codenya tadi saya coba tidak bisa zoom in-out. edit: ternyata belum update punya saya",2025-09-29 10:07:52,positif
Pengguna Google,1,sering eror pada jaringan,2025-09-28 09:20:45,negatif
Pengguna Google,1,"kenapa pas saya login dengan nip yang sesuai tidak bisa masuk ke layar utama, dan sambung kan universitas harus menggunakan akun siakad kenapa ndak bisa memakai akun google? tolong diperbaiki secepatnya",2025-09-28 07:15:15,negatif
Pengguna Google,1,saya tidak bisa mengganti foto Profil di Edlink,2025-09-23 15:40:54,negatif
Pengguna Google,5,good,2025-09-23 13:59:09,positif
Pengguna Google,1,"Kenapa edlink keluar sendiri sih, terus pas mau login lagi malah gabisa terus, udah di bersihin changes nya, di uninstall abistu install ulang, di diemin tapi tetep aja gabisa login malah ada tulisan ""Kesalahan Pada Server” terus, sampe skrng gabisa login, padahal ada jadwal kuliah. Kesel banget jadinya",2025-09-23 10:49:45,negatif
Pengguna Google,1,"scan wajah bermasalah, aplikasi jelek",2025-09-23 07:43:43,negatif
Pengguna Google,5,alhamdulillah,2025-09-20 11:03:49,positif
Pengguna Google,1,"aplikasi parah, kenapa sih nggak mirip dengan versi web",2025-09-18 14:06:39,negatif
Pengguna Google,1,diupdate malah ngedow server nya,2025-09-18 07:55:15,negatif
Pengguna Google,5,kenapa ya pdahal sudah di download tapi tidak kelihatan apk nya di layar beranda,2025-09-17 17:53:15,positif
Pengguna Google,1,"Tolong dong perbaiki lagi aplikasinya. saya sudah menggunakan edlink selama 2 semester, dan itu berjalan normal tidak ada kendala. skrg di semester 3 edlink kok lemot banget yaa?? padahal jaringan normal. sekarang susah milhat tugas, mengerjakan tugas, mengirimkan tugas dan susah untuk melihat materi. aku sudah bertanya teman²ku yg menggunakan edlink, mereka juga sama mengalami kendala galat internet. padahal jaringannya aman² saja.",2025-09-17 08:45:05,negatif
Pengguna Google,1,ini kenapa ya server nya eror Mulu jadi susah ngirim tugas dan saya terlambat ngirim tugasnya.,2025-09-16 21:41:22,negatif
Pengguna Google,5,sangat membantu saya dalam perkuliahan aplikasi nya,2025-09-15 12:19:04,positif
Pengguna Google,5,"Aplikasi yang bagus, simpel, dan lumayan membantu.",2025-09-11 07:17:42,positif
Pengguna Google,1,ini kenapa saya gabisa ganti foto profil,2025-09-08 19:15:00,negatif
Pengguna Google,5,"selama smt 2 ini, good 👏",2025-09-08 07:58:24,positif
Pengguna Google,1,aplikasi kaga jelas sekedar ganti foto profil aja banyak akun yang kaga bisa,2025-09-03 16:24:05,negatif
Pengguna Google,2,gak bisa loginn,2025-09-01 17:08:12,negatif
Pengguna Google,4,uuuu niceeeee,2025-08-26 10:12:20,positif
Pengguna Google,4,"apk nya sudah bagus, namun kalo boleh nomor ruangan disertakan juga donk jadi bisa mempermudah mahasiswa dalam mencari ruangan di setiap ada MK diawal semester..",2025-08-21 18:45:00,positif
Pengguna Google,5,"saran dari saya sebagai pengguna, apakah bisa aplikasi edlink ini di tambahkan widget jadwal, jadi nanti kalau mau lihat jadwal tidak perlu buka aplikasinya lagi, hal ini sangat membantu saya sebagai pengguna, terimakasih 😊",2025-08-19 23:51:12,positif
Pengguna Google,5,link yg membantu dalam menempuh kuliah,2025-08-12 22:54:47,positif
Pengguna Google,5,wow,2025-08-09 18:48:14,positif
Pengguna Google,5,UIN hebat,2025-07-24 12:08:57,positif
Pengguna Google,1,pembayaran bermasalah di app tidak ada konsultasi langsung ke developer membuat bingung harus memberikan keluhan kesiapa,2025-07-24 12:00:27,negatif
Pengguna Google,2,krs saya kok tdk keluar di edlink ya min,2025-07-22 22:33:57,negatif
Pengguna Google,1,"aplikasi selalu trafic, sulit mengakses materi",2025-07-15 19:17:04,negatif
Pengguna Google,1,ga jls g bs login,2025-07-14 19:59:07,negatif
Pengguna Google,4,tolong pada tab notifikasi dipisahkan antara : - penguploadan materi baru oleh pengajar - komentar dari rekan kelas karena komentar dapat membuat bingung notifikasi yang terlalu banyak sehingga materi tidak terbaca. mohon bantuannya ya kak,2025-07-13 18:13:29,positif
Pengguna Google,4,membantu sekali untuk proses dan kontrol selama belajar,2025-07-07 16:04:52,positif
Pengguna Google,1,Gada fitur report untuk terjadi masalah.,2025-06-28 11:26:04,negatif
Pengguna Google,2,tolong diperbaiki masalah memutar videonya karena tidak bisa diplay sama sekali,2025-06-23 14:49:19,negatif
Pengguna Google,1,"Tolong untuk pemutar videonya diperbaiki, saya tidak bisa buka sama sekali ketika malam hari. Mungkin sistem atau emang harus refresh setiap malam, tapi saya memiliki waktu luang ketika malam hari, dan hal buruknya karena error saya dianggap alpa atau tidak hadir.",2025-06-23 02:13:26,negatif
Pengguna Google,2,"knp si fitur yg mahasiswa yang udh ngumpulin diilangin. krmn di hp sekarang di laptop gt. padahal buat nambah motivasi bagi aku. kadang suka seneng ""keren, kamu mahasiswa pertama yg mengumpulkan"" jari kek dapet motivasi buat belajar jg wkwk",2025-06-20 13:42:57,negatif
Pengguna Google,4,"Terdapat bug untuk versi tablet tidak bisa play video berdurasi panjang di beberapa video, namun di ponsel android bisa. Sebaiknya jadikan prioritas untuk diperbaiki. Terimakasih",2025-06-19 05:25:17,positif
Pengguna Google,4,"karena masih banyak dosen yang tidak mengupload materi dan tugas tepat waktu, tolong buatkan fitur beranda untuk melihat dan merespond postingan yang tidak tepat waktu. baik itu materi, tugas, atau kuis. ini sangat membantu mahasiswa agar tugas dan materi yang lambat tidak terlambat juga untuk dikerjakan dan di unduh. harapan saya, semoga ini terealisasikan sebelum saya lulus jadi sarjana. terima kasih",2025-06-14 10:04:43,positif
Pengguna Google,5,"tolong adakan fitur zoom pada scan presensi...... Makasiii sudah mendengarkan masukan kami, fitur zoom in ini beneran memudahkan presensi min thanksss",2025-06-13 08:16:54,positif
Pengguna Google,5,sangat bagus utk komunikasi dan informasi,2025-06-13 07:17:08,positif
Pengguna Google,5,the best,2025-06-11 20:39:15,positif
Pengguna Google,1,Foto profil tidak bisa di ganti sudah beberapa hari???,2025-06-09 19:08:01,negatif
Pengguna Google,4,b4 gara² PP ilang+gabisa dipasang lagi(salah satu bug),2025-06-09 07:36:43,positif
Pengguna Google,5,"Membantu dalam perkuliahan, terbaikcuman kadang eror saat scan absensi",2025-05-31 09:13:48,positif
Pengguna Google,2,"untuk fitur pengirim file di media library bagian personal tolong penyimpanannya diperbanyak lagi,jangan 100 mb doang 🙏",2025-05-30 11:02:11,negatif
Pengguna Google,1,mau ngrjain tugas vid tpi leletnya minta ampun,2025-05-26 18:52:11,negatif
Pengguna Google,4,"kok sekarang gabisa melihat siapa saja yg sudah mengumpulkan tugas ya?, kembalikan yang seperti itu aja dong, biar bisa ngingetin temen yang belum ngumpulin tugas",2025-05-26 09:59:49,positif
Pengguna Google,5,njay fitur zoom kren banget kak jadi ga telat lagi dan maju kedepan lagi buat scan absensi 😋🤙🤝🤝🤝,2025-05-19 08:38:12,positif
Pengguna Google,5,"Mohon perbaikan atau solusi, Pada saat menulis dikolom Komentar, kolom komentar tidak mau naik dan selalu tertutup dibelakang aplikasi keyboard android.",2025-05-12 18:25:49,positif
Pengguna Google,1,knp aplikasinya saat di berikan quis oleh dosen waktu masuk waktunya langsung hbiss😭,2025-05-09 15:38:31,negatif
Pengguna Google,1,"Pada saat scan barcode absen tidak bisa di zoom, sangat menyusahkan apalagi kalau duduk di agak belakang harus maju² untuk scan. Pencahayaannya juga jelek sekali, buram",2025-05-08 16:21:28,negatif
Pengguna Google,1,saat kuis hampir semua mahasiswa telah selesai mengerjakannya tapi masalahnya di sistem daftar score di kelas kita ada 30 orang sedangkan di kuiz ada 10 dan 25 lainnya yang artinya ada 35 orang yang mengerjakan kuis? gak cuman 1x tapi setiap kuis,2025-05-05 13:57:06,negatif
Pengguna Google,5,oke,2025-05-03 08:33:25,positif
Pengguna Google,4,"sebelumnya gue sepenuhnya suka sama ed link, sekarang udh kurang karna di fitur pengerjaan tugas kita tidak bisa melihat lagi daftar orang yang sudah mengumpulkan tugas, tolong yang sudah bagus fiturnya jgn dihapus dong",2025-05-01 17:03:32,positif
Pengguna Google,5,gabisa ngirim file,2025-04-30 01:42:41,positif
Pengguna Google,2,"terkadang jawaban quiz yang sudah dijawab berubah rubah, jawaban yang sudah benar menjadi salah tolong lebih dikoreksi lagi edlink karna sangat berpengaruh terhadap nilai",2025-04-29 12:29:09,negatif
Pengguna Google,5,cocok,2025-04-28 16:05:57,positif
Pengguna Google,1,"masih ada sebagian file yang tidak bisa dibuka secara langsung lewat edlink (eror), maka harus download dulu. ketika membuka file di edlink, file tersebut akan otomatis rotasi (ketika hp miring sedikit). saran saya hapus fitur auto rotate dan adakan fitur rotasi manual",2025-04-24 18:44:43,negatif
Pengguna Google,5,Mantap,2025-04-23 09:52:13,positif
Pengguna Google,1,setelah di update jdi kurang nyaman. ruang kelas jadi kosong walau udh diganti² periode semuanya kosong. quiz jdi pada ilang. mau ikut belajarny gmn coba klo kek gini,2025-04-19 05:43:13,negatif
Pengguna Google,4,edlink saya bermasalah tugas dan jadwal tidak muncul mohon solusi nya,2025-04-16 21:55:13,positif
Pengguna Google,1,Belum juga isi kuiz tiba' dahan ajh jadi saya ga punya nilai gimna si edlink merugikan sekalii,2025-04-16 11:33:50,negatif
Pengguna Google,1,"kok diakun edlink saya tidak menunjukkan jadwal perkuliahan dan juga tidak masuknya tugas yang diberikan, padahaltugas sudah dikirimkan keedlink oleh dosen",2025-04-14 10:27:38,negatif
Pengguna Google,1,edlink sekarang banyak error nya mau up file tugas keluar terus padahal ruang penyimpanan masih banyak yg kosong,2025-04-06 20:07:16,negatif
Pengguna Google,1,fitur untuk melihat yang sudah mengerjakan kenapa di hapus??? padahal fitur itu sangat membantu untuk tau siapa aja yang udah kerjain supaya bisa mengingatkan bagi yang belum mengerjakan. Tolong kembalikan fitur tersebut!!,2025-04-05 20:55:53,negatif
Pengguna Google,2,kenapa fitur lihat semua di tampilan tugas² hilang di saya? sudah di update tetep sama,2025-04-03 14:47:50,negatif
Pengguna Google,5,mudah di akses,2025-03-30 04:42:12,positif
Pengguna Google,1,"notifikasi komentar orang lain pun masuk, alhasil notif dari dosen kependam tolong pertimbangkan agar ganya notifikasi dari dosen atau yang mention saja yang masuk notifikasi Mengganggu sekali, kontra produktif",2025-03-28 17:48:18,negatif
Pengguna Google,1,"Aplikasi Cacad sering error padahal device bagus, kurang dioptimasi. busyeet",2025-03-27 23:54:58,negatif
Pengguna Google,1,"Aplikasi sampah, bisa pula Quiz udah cape mikir malah berubah jawabannya. Udah gua cek emang bukan gua doang, sekelas isi 27 orang kami 6 orang emang berubah jawabannya padahan udah di cek berkali kali pake jawaban yang bener dari yang selesai duluan",2025-03-25 10:35:53,negatif
Pengguna Google,5,Sangat bagus,2025-03-24 18:20:15,positif
Pengguna Google,1,setiap pengiriman file atau yang lainnya pasti bermasalah terus nggak pernah benar,2025-03-23 16:00:46,negatif
Pengguna Google,2,"Kenapa ya kalo mengerjakan kuis di edlink itu jawabannya tidak bisa ditekan, sudah dicoba berulang kali juga tetap tidak bisa.",2025-03-20 13:38:42,negatif
Pengguna Google,5,Mudah digunakan,2025-03-19 10:27:10,positif
Pengguna Google,1,banyak fitur yang sudah dihilangkan,2025-03-15 22:45:35,negatif
Pengguna Google,1,my unimerz,2025-03-15 09:30:46,negatif
Pengguna Google,5,Oke,2025-03-15 05:21:55,positif
Pengguna Google,1,Update sekarang malah tidak dapat melihat mahasiswa yang sudah mengumpulkan tugas. Suatu kemunduran,2025-03-14 19:51:31,negatif
Pengguna Google,5,Aplikasi sangat membantu untuk proses perkuliahan 🫰🏻,2025-03-13 22:18:24,positif
Pengguna Google,1,"Bnyak errornya, gegara edlink di alpha 3 minggu pdhal absen full lngsng di kampus, krna aplikasi ga muncul kelas,dan tugasnya pdhl KRS udh di aplikasi tagihan pembayaran sudah lunas. Samlah aplikasi ganggu kuliah orang, klo smpe kenapa napa ipk gua, gua tuntut ini aplikasi",2025-03-13 07:31:40,negatif
Pengguna Google,1,"Tolong di perbaiki, tiba tiba jadwal perkuliahan saya pada hilang semua di kalender",2025-03-13 03:15:43,negatif
Pengguna Google,1,Tolong dong kalo ada info bayaran jangan diadain menjelang akhir jadwal pembayaran mana ngga ada notifikasinya lg tolong dong kalo ada info bayaran gt adain di notifikasi jangan malah setelah bayar baru ada notifnya kan saya jadi bolak-balik cek ada ngga nih bayaran jadi agak ribet saya,2025-03-11 21:04:24,negatif
Pengguna Google,5,"Edlink nya sedang bermasalah sekarang mohon diatasi ya,karna saat zoom di edlink gabisa masuk karena error,layar nya putih semua...mohon bertindak segera ya...terima kasih atas perhatiannya",2025-03-11 14:12:04,positif
Pengguna Google,1,"Tolong dibenahi perihal sering terjadinya error pada sistem, entah itu tidak bisa login atau semua fitur aplikasi yang tidak muncul. Benar2 sangat mengganggu jika ada pembelajaran secara daring jadi tidak bisa ikut masuk kedalam kelas.",2025-03-11 10:31:28,negatif
Pengguna Google,2,Setelah update urutan jadwal perkuliahan jadi acak - acakan,2025-03-11 08:17:11,negatif
Pengguna Google,1,"kenapa edlink saya ga bisa kebuka terus yaa?? katanya ada kesalahan server mulu, jadi sering error kenapa ya?",2025-03-10 18:56:35,negatif
Pengguna Google,2,Minn pliss kenapa akun ku ga bisa download apk ny tolong bantu min🙏🏻,2025-03-08 22:03:52,negatif
Pengguna Google,1,"Saya pernah melakukan ujian, dan ketika muncul jawabannya tidak sesuai, ada jawaban yang tiba2 pas di cek malah keganti dengan jawaban lain. Akhirnya nilai jadi kurang karena jawaban tersebut yg terganti. Mohon di perbaiki",2025-03-08 15:44:20,negatif
Pengguna Google,1,"Kenapa saya tidak bisa mengupload dan mengirimkan jawaban,ini tentu sangat menyulitkan saya huhu tolongg di perbaikii",2025-03-08 08:55:46,negatif
Pengguna Google,5,Sangat bermanfaat..,2025-03-07 13:37:03,positif
Pengguna Google,2,"ijin admin, sy br hub pihak kampus dan ternyata sy sdh di KRS kan. tp ternyata di akun aplikasi edlink saya masih kosong untuk KRS dan keterangan2 lainnya. mana perkuliahan sdh berjalan., ini system gimana kak?",2025-03-07 07:16:34,negatif
Pengguna Google,1,Fitur yang sudah mengumpulkan kenapa di HILANGKAN!?!? Itu berguna bagi saya dan teman saya agar tau siapa yang belum ngumpul dan bisa membantu mengingankan. Tidak akan ku ubah bintangnya jika fitur itu belum di kembalikan.,2025-03-06 15:19:55,negatif
Pengguna Google,4,"Akan lebih mudah kalau scan QR untuk presensi bisa menggunakan foto QR code yang disimpan ke galeri, karena kadang kode QR dari layar lain misalnya laptop kadang sulit terbaca kode qr nya.",2025-03-05 16:57:12,positif
Pengguna Google,1,"Membingungkan, ada kelas yang ga bisa di edit, saya jadwal kuliah jadi berantakan",2025-03-05 15:28:47,negatif
Pengguna Google,1,Tolong untuk developer bisa menambahkan pilihan galeri di bagian scan QR barcode nya dan memperbaiki bug bagian matkul Yang sering hilang,2025-03-05 09:26:26,negatif
Pengguna Google,1,tolong ini knp ada bnyak matkul yg tidak ad?,2025-03-05 09:25:02,negatif
Pengguna Google,1,tidak bisa scan barcode dari geleri dan masih banyak bugnya,2025-03-05 09:24:11,negatif
Pengguna Google,2,"Email dan sandi sudah benar tapi masih saja tidak bisa login, aneh dari dulu setiap kali login ulang selalu seperti itu.",2025-03-04 11:58:33,negatif
Pengguna Google,5,Gud. For now.,2025-03-04 11:03:07,positif
Pengguna Google,1,"tampilannya hanya potret, tdk bisa landscape",2025-03-03 20:12:46,negatif
Pengguna Google,2,"Aplikasinya tidak sinkron dengan jadwal di website siakad, ada kelas yang seharusnya muncul di edlink tetapi tidak tersedia sama sekali, mohon diperbaiki lagi yaa",2025-03-01 16:11:29,negatif
Pengguna Google,5,Sejauh ini bagus,2025-02-28 19:38:02,positif
Pengguna Google,1,Banyak bug👎,2025-02-28 10:50:02,negatif
Pengguna Google,5,Bagus aplikasinya.... 🙏,2025-02-28 10:38:59,positif
Pengguna Google,5,Edlink luar biasa,2025-02-28 08:45:22,positif
Pengguna Google,1,Kok download di tab Huawei gak bisa yaa padahal butuh,2025-02-28 06:24:11,negatif
Pengguna Google,5,Siip,2025-02-27 12:59:27,positif
Pengguna Google,1,kurang bagus update sekarang saya jadwal mata kuliah ilang,2025-02-27 07:38:13,negatif
Pengguna Google,2,"minta tolong buat tim edlink ya jangan sering error padahal satu kampus satu jurusan satu dosen satu kelas kenapa, daftar berbeda beda seharusnya sinkronisasi semua nya sama, itu kenapa?",2025-02-26 15:13:28,negatif
Pengguna Google,1,"Masa udah ga bisa liat siapa aja yang udah mengerjakan tugas, harusnya diadakan lagi dong, biar ngebantu ngingetin temen yang belum ngerjain juga 😡",2025-02-25 23:04:45,negatif
Pengguna Google,2,"Keseluruhan membantu proses perkuliahan, tapi masih banyak kekurangan penting yg perlu dapat perhatian secepatnya. Di hp saya dialog boxnya tertutup keyboard saat membalas komentar diskusi. Saat saya menggunakan PC, update komentar saat diskusi hilang setelah sekitar belasan komentar, di refresh ulang ataupun relogin ulang tidak menyelesaikan masalah.",2025-02-25 22:17:48,negatif
Pengguna Google,1,Kenapa fitur melihat siswa yg sudah mengumpulkan tugas di hilangkan? Padahal fitur tersebut sangat berguna,2025-02-25 20:46:12,negatif
Pengguna Google,2,Seringg eror,2025-02-25 08:44:21,negatif
Pengguna Google,5,Aku polindra,2025-02-25 08:05:05,positif
Pengguna Google,2,"Tolong kembalikan filturrr melihat orang yang sudah mengumpulkan tugassss, soalnya itu penting banget buat ngingetin sesama temen sekelassss, tolong banget minn",2025-02-24 22:44:13,negatif
Pengguna Google,5,memudahkan untuk melihat mata kuliah dan absen si,2025-02-24 13:06:13,positif
Pengguna Google,4,udh aman sekarang,2025-02-24 07:46:21,positif
Pengguna Google,5,"Apk bagus, dan sangat membantu",2025-02-24 06:13:25,positif
Pengguna Google,4,"Kak ni gimana ya, krs sudah di validasi sama dosen pembimbing tapi kok kelas di edlink nggak muncul? Itu bagaimana kak?🙏",2025-02-23 13:41:57,positif
Pengguna Google,5,"Aplikasinya sangat membantu terutama dalam menjalani proses perkuliahan, dijamin the best... Terimakasih aplikasi Edlink",2025-02-23 02:31:56,positif
Pengguna Google,4,Ok,2025-02-22 18:08:34,positif
Pengguna Google,5,Sangat membantu saya 🤩👍,2025-02-22 05:30:50,positif
Pengguna Google,1,"Kenapa sekarang tidak bisa melihat orang yang sudah mengerjakan tugas, tolong kembalikan fitur tersebut",2025-02-22 04:25:47,negatif
Pengguna Google,1,"Gak berguna slalu update dan lemot, kalo bukan karena kuliah males download aplikasi lemot",2025-02-21 22:04:01,negatif
Pengguna Google,5,Good,2025-02-21 20:11:51,positif
Pengguna Google,2,👍,2025-02-21 19:08:07,negatif
Pengguna Google,5,"Mantap banget baru 1 Minggu komentar keluhannya sudah teratasi, maju terus tim edlink. Paling yg kurangnya fitur untuk melihat mahasiswa lain yg sudah mengumpulkan tugas balikin saja.",2025-02-21 06:32:46,positif
Pengguna Google,2,Materi kalau sudah lewat dari 1 Minggu tidak dapat diunduh maupun dilihat lagi. Kadang bingung cara downloadnya gimana,2025-02-20 10:47:55,negatif
Pengguna Google,1,Verifikasi nya gmn yaa udh belasan kali di coba ga bisa-bisa,2025-02-19 20:15:40,negatif
Pengguna Google,1,Gimana seh kerja sama pendidikan tapi ancur server ganti kerjaan aja jualan sate verifikasi lama banget ngga usah bikin proyek kemajuan teknologi tapi bugdet di kecilin kalo emang niat buat app input data ke server dan menunggu verifikasi harus siap ada berapa banyak univ di indonesia cuman mau duit doang cabut aja lebih baik perusahaan swasta,2025-02-19 14:09:21,negatif
Pengguna Google,1,"WAKTU KODE VERIFIKASI TERLALU CEPAT, PADAHAL KRIM KODE VERIFIKASI SAJA LAMA",2025-02-18 21:35:03,negatif
Pengguna Google,5,Bagus sekali,2025-02-18 12:39:43,positif
Pengguna Google,2,"Gimana ini kok ga bisa verifikasi akun padahal udh bener semua, mana absen di situ terus, tolong dong ini gimana",2025-02-17 22:53:38,negatif
Pengguna Google,1,"Setelah login, langsung masuk ke pengaturan akun untuk verifikasi email dan setelah memasukkan kode verifikasi saat klik verifikasi tidak bisa.",2025-02-17 16:52:21,negatif
Pengguna Google,1,"gak bisa verifikasi kode, padahal kode verifikasi sudah sesuai dgn yg dikirim di email.!!",2025-02-17 14:24:31,negatif
Pengguna Google,2,waktu untuk verifikasi terlalu cepat. belum selesai mengisi kode sudah habis waktu. tolong diperhatikan lagi agar tidak menyusahkan.,2025-02-17 09:01:48,negatif
Pengguna Google,1,"Ajn disuruh verifikasi akun, malah mental mulu udah 30 kali gk bisa verifikasi",2025-02-15 13:26:25,negatif
Pengguna Google,1,Banyak bug kentang amat mempersulit,2025-02-14 17:30:55,negatif
Pengguna Google,2,Mengapa tidak bisa masuk,2025-02-13 08:54:11,negatif
Pengguna Google,2,"kenapa tidak bisa registrasi kak? padahal sudah masuk akunya tpi pas registrasi tidak bisa ""sama sekali tidak bisa""",2025-02-11 21:02:29,negatif
Pengguna Google,1,"Update sekarang kurang bagus jadi setelah selesai mengerjakan tugas tidak hilang si tugas nya ga kaya sebelum update setelah update jadi ga ilang klo sudah mengerjakan tugas jadi pusing liat nya klo tugas nya numpuk gtu, trus gabisa liat list orang yg udh mengerjakan tugas,, mohon di perbaiki setelah di perbaiki baru ku kasih bintang lima",2025-02-11 06:32:43,negatif
Pengguna Google,5,"Kenapa notifikasinya tidak muncul ketika quis di bagikan?, dan juga sudah di refresh berapa kali dan sampai sekarang quis ya tidak muncul.",2025-02-10 18:34:43,positif
Pengguna Google,1,Knpa saya tidak bisa verifikasi kode ya?,2025-02-10 14:58:11,negatif
Pengguna Google,5,Mantap di segala bidang,2025-02-09 14:01:00,positif
Pengguna Google,5,Sangat membantu untuk belajar,2025-02-06 20:20:16,positif
Pengguna Google,1,"Aplikasi tolil, kaku kali aku saranin ga usah pakek aplikasi ini harus kali kita pakek aturan dia kayak budaknya kita di buat, serasa hidup masa penjajah",2025-02-05 10:24:46,negatif
Pengguna Google,4,"email udah bener, sandi udah bener, diarahin verifikasi, udah bener verifikasi dari email tapi tetep ga bisa masuk akunnya, udah coba diwebsite tetep ga bisa",2025-02-04 14:46:47,positif
Pengguna Google,1,"apk gaje, lama bgt verifikasi, masuk apk ga bisa",2025-01-31 10:53:50,negatif
Pengguna Google,1,"Ini sungguh mengecewakan, dengan percaya dirinya mengatakan sistem ini dapat membantu, justru sebaliknya semua pihak dipersulit baik mahasiswa maupun dosen. Satu pertanyaan penting, mengapa input krs tidak bisa dilakukan padahal sudah terjadwal di kalender akademik?",2025-01-30 20:09:28,negatif
Pengguna Google,1,"Buruk, tidak bisa log in, padahal sudah mengikuti intruksi dengan benar",2025-01-30 11:52:47,negatif
Pengguna Google,1,mohon di perbaiki kembali sistem nya kasih terdapat banyak bug,2025-01-29 20:58:59,negatif
Pengguna Google,5,"kenapa tiba-tiba apk nya berhenti? rajin update, tapi punya temen saya ga gitu, kenapaya tolong dong aku absen ngampusnya disitu, gimana ini developer?🙏",2025-01-28 17:13:37,positif
Pengguna Google,2,"TOLONG BUG NYA DIPERBAIKI SAAT DIBUKA KELUAR""AN SENDIRI MULU",2025-01-24 15:05:53,negatif
Pengguna Google,5,Aplikasi profesional,2025-01-23 23:31:45,positif
Pengguna Google,1,Ini knp masih gabisa login ya? Pdhl Nim sama password nya udh bnr. Tampilan nya stuck di awal.,2025-01-22 19:10:50,negatif
Pengguna Google,5,Unilak Kampus favoritku,2025-01-19 13:26:20,positif
Pengguna Google,5,mantabb,2025-01-19 09:54:36,positif
Pengguna Google,1,"Hmm, tolong dong untuk notifikasi nth saat mulai confrense video ksh dong notifikasi di jadwal nya",2025-01-18 08:03:55,negatif
Pengguna Google,1,Apa iya ...?,2025-01-15 08:46:29,negatif
Pengguna Google,4,Bintang 5 jika sevima menyediakan mode gelap di aplikasi ini,2025-01-15 01:13:19,positif
Pengguna Google,5,ManTulPis 🌟🌟🌟🌟🌟,2025-01-12 14:39:02,positif
Pengguna Google,1,"Izin melapor ketua aplikasi ngebug jaringan pas lagi ngumpul tugas, kuis dan ujian aturan terkirim malah tidak Dan saat masuk aplikasi malah disconnect",2025-01-08 11:42:10,negatif
Pengguna Google,2,"Ko saya ganti HP jadi G ada notif tugas atau kuis dari EdLink yang muncul di panel notifikasi, padahal untuk perizinan aplikasi EdLink sendiri udh di izinkan semua tetep aja gk muncul. Itu kenapa ya?",2025-01-07 20:57:01,negatif
Pengguna Google,5,"membantu banget buat liat nilai nilai semester, jadi ga ribet harus buka web kampus buat liat nilai, terimakasih edlink🫶",2025-01-05 18:55:55,positif
Pengguna Google,1,"Aplikasi tidak bagus, saya jadi tidak bisa upload tugas dan ujian karena aplikasi ini. Tulisan yang muncul ketika ingin upload belum memiliki akses. Gara-gara aplikasi ini saya tidak punya nilai. Tolong edlink tanggung jawab ya",2025-01-05 08:40:32,negatif
Pengguna Google,5,Thank you,2025-01-05 06:47:39,positif
Pengguna Google,4,"Pengumpulan UAS maupun tugas saya tidak bisa dibaca oleh dosen, padahal sudah mengumpulkan tepat waktu. kenapa ya?",2024-12-18 19:16:50,positif
Pengguna Google,1,"Punten kie mah, masa iya ngimpulaken tugas telat 2 detik tok ora bisaa, tolong dirubah yaa, wis tak ampura ka",2024-12-14 21:26:32,negatif
Pengguna Google,1,aplikasi stress,2024-12-14 21:24:14,negatif
Pengguna Google,1,"Durasi waktu pengerjaan tugas dan jam tidak sesuai, sisa 1 menit sudah tidak bisa kirim jawaban/tugas, tolong perbaiki lah..",2024-12-13 21:16:37,negatif
Pengguna Google,4,"bagus, terkadang ada bug absen aja",2024-12-13 08:44:34,positif
Pengguna Google,1,"banyak terjadi kesalahan pada server, tolong dibenerin lagi lah bug yang seperti ini",2024-12-06 20:29:32,negatif
Pengguna Google,2,Aplikasi Bermasalah,2024-12-06 03:48:13,negatif
Pengguna Google,1,Kok gak bisa nge unduh file sih,2024-12-05 01:21:43,negatif
Pengguna Google,5,Bagusss dan mudah,2024-12-03 08:37:56,positif
Pengguna Google,5,Knp gak bisa di isntal di hp ku,2024-11-26 20:59:55,positif
Pengguna Google,2,"Mohon maaf kenapa ya setiap saya buka apk edlink sinyal di HP saya seketika langsung menghilang padahal buka apk lain seperti youtube atau IG baik baik saja sinyalnya dan stabil, edlink juga terlalu loading lama untuk buka absensi barcode terus terkadang untuk buka file di edlink tidak bisa padahal itu hanya file PDF.",2024-11-26 11:35:01,negatif
Pengguna Google,5,Sangat baik,2024-11-25 19:37:04,positif
Pengguna Google,1,"Buka materi perkuliahan dan download materi filenya corrupt/tidak terbaca yang menjadikan absensi kehadiran Alfa, padahal bukan human error dan yang error dari aplikasi edlink",2024-11-24 10:14:04,negatif
Pengguna Google,5,makasih sudah di perbaiki dari saat setelah waktu zoom pertama habis dan ada bug saat masuk zoom sesi kedua selalu ngestak di persiapan zoom sekarang udh di fix,2024-11-20 19:55:22,positif
Pengguna Google,4,"Aplikasi ini sangat bagus untuk perkuliahan, tapi ada kukurangan dalam pengaplikasian kamera waktu presensi, aplikasi tidak bisa mengezoom layar dosen saat presensi.",2024-11-19 12:58:38,positif
Pengguna Google,4,saya make edlink bagus sih namun sering kali kalau mau absensi suka keluar sendiri dan mencari data mahasiswa itu loading terus,2024-11-19 01:02:07,positif
Pengguna Google,5,Sangat2 membantu sekali ... Semoga semakin baik 😊,2024-11-14 14:51:55,positif
Pengguna Google,4,"Baru mau coba,hehehe.Sebenernya terpaksa",2024-11-11 19:07:33,positif
Pengguna Google,4,edlnik saya tdk bisa buka e,2024-11-10 10:08:21,positif
Pengguna Google,5,Sangat membantu dan memudahkan dalam proses beljar,2024-11-07 08:54:54,positif
Pengguna Google,1,"tiap kali buka selalu terjadi kesalahan pada server,jadi banyak tugas"" yg ga bisa dikumpul",2024-11-06 12:02:41,negatif
Pengguna Google,1,Teruntuk developer Apakah aplikasi nay sedang error? Soalnya saya ingin mengisi KRS tapi justru Status mahasiswa saya tidak aktif. Saya kira edlink saya bermasalah. Ternyata di akun teman saya juga seperti itu. Ini gimana ya? Soalnya saya belum mengisi KRS. Tolong cepat diperbaiki,2024-11-04 12:21:27,negatif
Pengguna Google,5,Fitur chat antar mahasiswa sangat lambat,2024-11-04 07:44:32,positif
Pengguna Google,1,Burukkkk ga bisaaaa dibuka,2024-10-29 10:32:09,negatif
Pengguna Google,5,"Bagus di saya sih. Cuman waktu ngumpul ujian di sini, temen saya loading terus di beranda, layar blank white screen lama banget sampe gak kekirim.",2024-10-26 12:47:06,positif
Pengguna Google,2,"edlink makin sini makin jelek, apalagi kalo dibuka di pc gabisa ngelampirin file buat submit tugas",2024-10-23 11:22:10,negatif
Pengguna Google,1,"Update baru ga bisa absen scan wak, yang bener aja",2024-10-23 09:20:23,negatif
Pengguna Google,1,"Min tolong di perbaiki lagi di bagian quiz nya, saya ngerjain soal dengan benar tiba tiba jawaban nya ganti sendiri bikin nilai jadi anjlok bikin males aja hadeh",2024-10-23 08:59:42,negatif
Pengguna Google,1,Saat mengerjakan quiz ngebug dan jawaban benar menjadi jawaban lain,2024-10-23 08:25:24,negatif
Pengguna Google,5,"Kenapa setelah hapus foto profil terus mau ganti yang baru tidak bisa ya, tidak muncul foto profilnya",2024-10-21 08:52:22,positif
Pengguna Google,1,server eror,2024-10-20 19:53:59,negatif
Pengguna Google,1,Aneh,2024-10-17 14:09:43,negatif
Pengguna Google,1,"Terlalu sering kesalahan server tolong fix, saya sampe gk tau samsek ada tugas dan notifnya gk ada, udh kelewat deadline lagi",2024-10-17 00:43:14,negatif
Pengguna Google,1,Presensi scan wajahnya di perbaikilah bikin orang ga di absen aja,2024-10-14 17:13:40,negatif
Pengguna Google,1,server kacau,2024-10-14 16:16:47,negatif
Pengguna Google,1,Sinyal lancar tapi tetep muter terus apk GK guna,2024-10-14 13:11:20,negatif
Pengguna Google,5,Sangat membantu pelajaran,2024-10-11 21:16:27,positif
Pengguna Google,1,"Scan absennya gak bisa di zoom, jadi kepaksa harus maju kedepan kelas kalo engga di potret pake hp temen buat di zoom manual pake kamera. File dari dosen sering gak bisa kebuka/download harus log out dulu ribet. Scan wajah gagal mulu apk anomali",2024-10-09 15:52:42,negatif
Pengguna Google,4,"Halo, kak. Waktu sedang mengerjakan quiz kamera saya yang di layar tiba-tiba hilang, itu terjadi setelah saya menerima pop up notifikasi WhatsApp. Apakah itu nantinya akan diindikasikan sebagai tindak kecurangan kak? Padahal saya tidak membuka aplikasi lain dan tetap stay di edlink. Mohon dijawab kak🙏🏻",2024-10-09 12:40:54,positif
Pengguna Google,1,"Pada saat mengupload tugas tidak ada notifikasi/indikasi persentasenya, jadi tidak jelas apakah tugas itu sudah masuk atau belum. (Pengalaman buruk: tugas sudah di klik kirim tetapi tidak masuk, alhasil tugas tidak diterima. Sudah selesai mengerjakan tapi tidak diterima hanya gara gara belum selesai upload)",2024-10-07 17:48:22,negatif
Pengguna Google,1,"Sistem quiz error, soal ada 24,udah isi sumua, malah benar 20 salah 2, 2 lagi kemana? ,,apaan nih edlink?",2024-10-07 16:38:42,negatif
Pengguna Google,5,Good 👌,2024-10-06 18:33:14,positif
Pengguna Google,5,"Bikin auto save lah kak, bjir lah gw bikin jawaban di text editor panjang panjang kepencet home, balik lagi jawaban gw ilang semua... Jadi ngulang lagi deh Masa kalah sama aplikasi lain yang bisa auto save",2024-10-06 09:13:36,positif
Pengguna Google,1,BENERIN SERVER NYA OIIII JANGAN UPDATE FITUR MULU.. NILAI UTS KU JADI CUMAN DAPAT RENDAH GARA GARA GAGAL FOKUS!!!!,2024-10-04 21:27:57,negatif
Pengguna Google,1,"Sekarang edlink kalo isi quiz mau record atau ngga, kok lemot yah berat padahal kerjakan di laptop",2024-10-03 08:01:33,negatif
Pengguna Google,2,"Tolong adakan fitur zoom pada fitur scan code kehadiran, dan auto fokus",2024-10-03 07:16:14,negatif
Pengguna Google,1,Ga berfungsi baik,2024-10-02 20:52:57,negatif
Pengguna Google,5,Hallo.aplikasi Edlink sudah ada di perangkat lain tidak Bisa download di hp yang saya pakai sekarang.,2024-10-02 09:02:07,positif
Pengguna Google,1,kode tidak terkirim ke email,2024-10-01 22:30:32,negatif
Pengguna Google,1,kuis ngeleg mas,2024-10-01 17:18:33,negatif
Pengguna Google,2,mau masuk pakai email gabisa kenapa wehhh,2024-09-27 07:57:02,negatif
Pengguna Google,1,"Banyak sekali gangguannya dan juga respon admin yang menerima keluhan lambat, sehingga saya tidak dapat mengerjakan kuis salah satu mata kuliah, saya sudah mencoba berbagai cara dengan menghubungi lewat lin dan semacamnya tapi tetap responnya lambat.",2024-09-26 11:46:19,negatif
Pengguna Google,5,Cara ganti profilnya gimana?.cuman muncul gambar putih dan tulisan( note untuk menyesuaikan gambar ),2024-09-24 08:24:22,positif
Pengguna Google,1,"setiap mau oresensi barcode tidak valid , setiap.perkuliahan begitu twrus dan waktu hanya 10 detik ribet memding durasi waktunya min 15 menit",2024-09-20 23:05:49,negatif
Pengguna Google,5,Menyenangkan,2024-09-19 18:31:09,positif
Pengguna Google,1,"Kode verifikasinya sangat lamban masuk ke email saya, tunggu habis waktu dulu baru keluar kode verifikasinya. dan sampai detik ini saya belum bisa login ke edlink",2024-09-18 08:55:46,negatif
Pengguna Google,4,"Kok makin lelet min, setiap ngerjain quiz lelet trs",2024-09-17 15:30:31,positif
Pengguna Google,5,Design logonya mirip toko ijo,2024-09-16 09:08:56,positif
Pengguna Google,4,Aplikasi sudah bagus. Namun saat saya menambahkan foto profil di akun saya gagal untuk di input terus. Mohon diperbaiki. Makasih,2024-09-14 20:59:06,positif
Pengguna Google,2,Saat saya mau masuk terjadi kesalahan server Mulu,2024-09-13 08:59:57,negatif
Pengguna Google,4,"Kak ko di ktm edlink nya belum ada fotonya ya, padahal di siakad saya sudah masukan foto.",2024-09-12 13:22:42,positif
Pengguna Google,5,Terimakasih kk aplikasi nya sangat membantu dalam proses perkuliahan,2024-09-12 09:55:37,positif
Pengguna Google,5,"bagus, saran saya kak minta tambahan widget biar jadwal kuliah mudah dilihat di beranda.",2024-09-11 17:41:55,positif
Pengguna Google,1,Sulit akses dan tidak tersedia data yang dituju. Banyak menyita waktu dan tidak aplikatif.,2024-09-11 10:34:03,negatif
Pengguna Google,5,Bisa membaca berita updatenya,2024-09-11 06:14:16,positif
Pengguna Google,1,banyak masalah,2024-09-09 11:19:52,negatif
Pengguna Google,2,"Terjadi kesalahan pada server pada saat login menggunakan siakad, padahal akunnya sudah benar, tolong di perbaiki.",2024-09-09 09:06:27,negatif
Pengguna Google,1,Tugas saya terhambat,2024-09-08 20:56:15,negatif
Pengguna Google,1,mau login aja susah,2024-09-08 14:46:32,negatif
Pengguna Google,1,😡,2024-09-07 12:02:55,negatif
Pengguna Google,1,"Maaf ini kenapa aplikasinya tidak bisa masuk saya sudah berapa kali verifikasi dan tidak bisa melihat jadwal kuliah saya, saat saya keluar dari aplikasi disuruh verifikasi lagi tolong di respon, saya tidak bisa menggunakan aplikasinya entah hp saya ada sedikit bug pasti ada kendala di aplikasinya mohon di bantu",2024-09-07 05:57:09,negatif
Pengguna Google,2,Durasi ngirim kodenya lama banget buat daftar akunnya.,2024-09-05 16:15:29,negatif
Pengguna Google,1,Kenapa login masuk dengan akun siakad tidak bisa muncul terjadi kesalah pada server,2024-09-05 14:48:13,negatif
Pengguna Google,1,Kode registrasi nya lambat nyampai di email gimana mau daftar,2024-09-04 17:26:02,negatif
Pengguna Google,1,"aplikasihnya bikin kesal, karna tidak bisa masuk ke aplikasinya padahal saya sudah pastikan, akun siakadnya benar tu, tapi malas suru verivikasi ulang keamannya dan saya mengikuti arahannya eh malas minta kode melalu email yg di kirim tapi kode itu tdak tau muncul ke emailnya yg saya daftar gimana saya verifikasinya, saya kesal bnget si....................................",2024-09-04 15:57:16,negatif
Pengguna Google,1,"tidak bisa login, kesalahan server mulu",2024-09-04 14:56:44,negatif
Pengguna Google,5,"saya beri saran ditambahkan widget, agar semakin mudah saat melihat jadwal tidak perlu buka apk lagi",2024-09-03 22:02:41,positif
Pengguna Google,4,Beberapa Akun tak bisa diganti Photo profilnya kenapa ya min,2024-09-01 22:29:32,positif
Pengguna Google,5,ntaps,2024-09-01 19:01:47,positif
Pengguna Google,1,"Tidak bisa masuk, padahal sudah sesuai akunnya dengan Siakad, disuruh ganti email malah tidak bisa.",2024-08-29 21:19:19,negatif
Pengguna Google,2,"Apk nya Masi belum sempurna, Masi banyak bug system dan sebagainya, untuk pengisian KRS aja Masi banyak kendala, mohon di perbaiki lagi untuk kedepannya..",2024-08-26 21:24:23,negatif
Pengguna Google,1,gajelas,2024-08-26 01:13:36,negatif
Pengguna Google,5,Terimakasih banyak kak dan kaknya respon dengan cepat apa kendala yang saya hadapi serta kaknya baik...,2024-08-23 14:25:18,positif
Pengguna Google,1,Setiap ingin daftar siakad selalu kesalahan server tolong perbaiki lagi aplikasi,2024-08-21 10:10:12,negatif
Pengguna Google,5,Filipus Hottua E.M Nainggolan Ganteng,2024-08-19 18:41:00,positif
Pengguna Google,5,"Udah bisa di hubungkan ke Drive sekarang. Tapi sayang lama banget, diperbaiki nya. Saya komen dari tanggal 20/06/24. Baru sekarang bisa dihubungkan, itupun modal iseng aj. Padahal niat mau uninstall sebab sudah gak ada Mata kuliah yang butuh edlink lagi. Ya udahlah. Thanks",2024-08-13 19:17:24,positif
Pengguna Google,5,😍,2024-08-13 12:11:48,positif
Pengguna Google,1,"JELEK, GAGAL TERUS. NYUSAHIN.",2024-08-12 12:31:13,negatif
Pengguna Google,1,"Gaada notif jatuh tempo keuangan, jadi gatau tiba2 liat pembayaran jatuh tempo, minimal kasih tau dong kalau udah mendekati jatuh tempo, jadi kaget",2024-08-05 14:57:14,negatif
Pengguna Google,5,"Oke, aplikasi sudah diverifikasi google dan sip",2024-08-02 13:46:52,positif
Pengguna Google,5,Mantap...,2024-07-29 16:49:03,positif
Pengguna Google,1,Aplikasi ribet,2024-07-25 11:30:45,negatif
Pengguna Google,5,Tingkatkan,2024-07-18 12:48:33,positif
Pengguna Google,5,⭐1000,2024-07-17 21:36:39,positif
Pengguna Google,5,Recommended,2024-07-14 06:30:14,positif
Pengguna Google,5,Lebih baik,2024-07-13 09:21:04,positif
Pengguna Google,1,Tolongdong ini edlink kok tiba tiba gak bisa ngumpulin tugas ya,2024-07-09 22:03:48,negatif
Pengguna Google,4,Apakah edlink bisa di-update,2024-07-09 15:12:44,positif
Pengguna Google,4,"memori buat beekasnya terlalu kecil, sedangkan kami para mahasiswa butuh banyak lgi memori buat berkas biar pengumpulan tugas kami tidak terhambat",2024-07-05 20:47:39,positif
Pengguna Google,2,Min saya tidk mendapatkan otp sudah satu hari gk ada otp masuk,2024-06-30 12:55:26,negatif
Pengguna Google,1,"Aplikasi gajelassssssssssssss, informasj akademik dibatasi, mau lihat transkip nilai sendiri pun ditutup, apalah ni aplikasi",2024-06-26 19:54:49,negatif
Pengguna Google,1,"Sulit di gunakan, padahal udah masukan sandi yg sesuai dengan siakad sebelum malah ga bisa login",2024-06-26 19:40:57,negatif
Pengguna Google,1,"Di katakan kalau akan d berikan kodenya lewat email sudh 50x saya ulangi terus tapi tidak linknya yang muncul,, mohon untuk solusinya bagaimana yaa🙏🏻",2024-06-26 18:20:18,negatif
Pengguna Google,2,Halo ed link kenapa saya harus login ulang ketika app nya tidak pernah dipakai,2024-06-15 18:41:42,negatif
Pengguna Google,2,Hallo kenapa saya tidak bisa mengirimkan tugas ya?bilangnya penyimpan penuh Sama di upgrade ke edlink pro padahal penyimpanan saya masih banyak,2024-06-12 17:55:25,negatif
Pengguna Google,5,Good luck,2024-06-11 09:45:00,positif
Pengguna Google,1,Kok nggak bisa dibuka ya aplikasi nya? Tolong dong diperbaiki lagi aplikasi nya,2024-06-09 20:50:31,negatif
Pengguna Google,4,Aplikasi ini sangat membantu dan membuat belajar menjadi lebih mudah. Terima kasih.,2024-06-04 09:44:33,positif
Pengguna Google,1,lelet abiezz,2024-06-03 16:59:54,negatif
Pengguna Google,4,tolong fix pas mau buka berkasnya kadang bisa di buka kadang gak harus di download dulu baru bisa,2024-06-03 15:56:43,positif
Pengguna Google,1,Sering log out sendiri,2024-05-26 16:29:35,negatif
Pengguna Google,1,"Kode verifikasi kok gk ada di gmail kirim berulang ulang gk nimbul juga,aplikasi menyusah kan",2024-05-25 10:46:24,negatif
Pengguna Google,4,Bagusss,2024-05-12 01:35:32,positif
Pengguna Google,1,Sering logout+notif tugas jarang masuk,2024-05-09 14:15:29,negatif
Pengguna Google,1,Lelet apknya,2024-04-22 23:25:35,negatif
Pengguna Google,1,"Kadang2 suka error melulu min, kenapa sih !?",2024-04-22 23:20:49,negatif
Pengguna Google,5,"Hi edlink, mohon untuk fitur chat di update lagi agar ada tanda notif chat terbaru, soalnya gak bisa bedain mana chat yang sudah dibaca dengan yang belum",2024-04-22 11:36:08,positif
Pengguna Google,4,EdLink saya ga ka tersambung trus sama Uin nya gimana minn,2024-04-21 17:51:34,positif
Pengguna Google,1,Kode verifikasinya ga ada tuh kekirim d akun gogle,2024-04-16 16:13:37,negatif
Pengguna Google,1,Aplikasi yang sangat cocok untuk orang ambis,2024-04-12 20:18:02,negatif
Pengguna Google,4,okee,2024-03-28 08:39:26,positif
Pengguna Google,4,Kemudahan pemakaian,2024-03-25 04:26:19,positif
Pengguna Google,2,Aplikasi nya sering keluar mulu.. Apalagi saat ngumpulin tugas masa tugas nya tiba2 ilang padahal tulisan nya berhasil upload jadinya tugasnya gak ke kumpul dan tidak bisa upload ulang karena udah ditutup deadline tugasnya,2024-03-22 15:59:49,negatif
Pengguna Google,5,"Lancar untuk mencek jadwal, bimbingan dan lainnya",2024-03-22 14:34:19,positif
Pengguna Google,1,"Sebenarnya aplikasinya sangat lengkap dan sangat membantu, tapi apabila dosen mengirimkan draft tugas tidak masuk di edlink. Di siakad memang masuk notifikasinya tpi terlalu ribet menggunakan siakad yg harus login setiap kali ingin masuk. Terkadang ketika dosen mengirimkan tugas kita tidak tahu karena notifikasi di edlink tidak masuk. Penggunaan siakad juga terlalu ribet digunakan dihp. Tolong untuk diperbaiki lagi. Terima kasih.",2024-03-20 16:35:22,negatif
Pengguna Google,5,Bagus aja si simpel,2024-03-20 09:03:35,positif
Pengguna Google,2,Guwe siih baru mu cobah ini kalau bagus ya pake aplikasihnya,2024-03-18 10:48:09,negatif
Pengguna Google,1,Kok sekarang ga bisa login ya padahal password dan username sudah benar,2024-03-18 10:36:11,negatif
Pengguna Google,1,Tidak bisa login di redmi note 5,2024-03-18 10:21:48,negatif
Pengguna Google,1,"Padahal sinyal/jaringan bagus tapi tiap mau buka materi/kelas leletnya luar biasa, udh dicoba berkali-kali masih aja",2024-03-17 14:45:03,negatif
Pengguna Google,1,"Suka ada msalah sm jaringan, ga di hp ga di laptop, dibuka tulisannya ada masalah jaringan padahal pas buka ytb masih lancar. & makasih udah buat kuisnya bermasalah terus, padahal udah jawab semua soal trus tinggal kumpul, pas kumpul malah ngulang dari awal, pas ngejawab ada tulisan waktu habis, trus ku tekan satu2 jwaban nomor masi gabisa. pas no 10 teken berikutnya malah kekumpul😠 gimana ini?",2024-03-14 10:27:40,negatif
Pengguna Google,5,Mnatap,2024-03-09 10:11:27,positif
Pengguna Google,1,Setelah pembaruan bukannya tambah optimal malah tambah buruk... Payah,2024-03-04 07:28:12,negatif
Pengguna Google,2,Aplikasinya susah didownload 🙁,2024-02-26 09:44:34,negatif
Pengguna Google,2,"Permisi min, kok detail tugas dan sesi saya malah jadi ngga terlihat ya ini gimana?",2024-02-26 09:37:29,negatif
Pengguna Google,5,Bagus juga ni aplikasi,2024-02-26 07:45:40,positif
Pengguna Google,1,"Apk cuma bikin susah pengguna saja, dimana² eror",2024-02-25 22:55:35,negatif
Pengguna Google,1,Jelek banget,2024-02-23 13:59:06,negatif
Pengguna Google,1,"Aplikasinya ga bisa dipakek, scan barcode gagal terus",2024-02-21 17:22:41,negatif
Pengguna Google,1,Saya tidak ada detailnya,2024-02-21 11:46:25,negatif
Pengguna Google,2,"assalamu'alaikum pak, tolong tambahin lokasi kelas untuk setiap dosenya pak",2024-02-21 07:52:15,negatif
Pengguna Google,1,Tolong di perbaiki agar di permudah isi KRS nya lah kadang terkeluar sendiri,2024-02-20 14:37:55,negatif
Pengguna Google,1,Aplikasi jelek mau masukin pw udah benar tapi dikira salah,2024-02-17 18:12:07,negatif
Pengguna Google,1,"Siapa suruh dunlut apk g guna ini jir,pke dunlut otomatis",2024-02-09 12:05:19,negatif
Pengguna Google,1,"Akun saya keluar sendiri , saat coba masuk dengan siakad muncul pesan terjadi kesalahan pada sistem ,tolong di perbaiki",2024-02-04 08:09:36,negatif
Pengguna Google,1,Kok nggak bisa didownload yaaa,2024-02-03 10:33:00,negatif
Pengguna Google,4,Sangat bergunaa,2024-02-01 08:42:39,positif
Pengguna Google,5,"Hi EdLink. Saya mengusulkan model subscribe platform client individu untuk pengajar. Jadi semisal Dari perguruan tinggi masih menggunakan yang basic, Dosen pengampu bisa menggunakan fitur premium dengan swadaya. Terimakasih semoga dipertimbangkan.",2024-01-30 07:54:42,positif
Pengguna Google,1,"Tolong kenapa ya suka keluar tiba² padahal udah berusaha buat login di google tp susah skli buat di pencet, tolong kerja sama nya, jangan sampai keluar tiba² dengan sendirinya, tolong dong biar bisa login lagi lewat google",2024-01-29 16:12:21,negatif
Pengguna Google,4,pindah sistem nilainya ketinggalan yg di sistem yg dulu pas udah perbaikan nilaipun blm semuanya masuk di edlink,2024-01-21 17:44:15,positif
Pengguna Google,1,"pembayarannya VA bjb? ga semua orang pake bjb woii astaga, harus ke kampus? yang di luar kota gimana?",2024-01-20 12:40:36,negatif
Pengguna Google,2,"Notif gak masuk sama sekali, errorr.",2024-01-17 14:53:06,negatif
Pengguna Google,1,"Aplikasi ini sumpah jelek banget bikin ribet, kendala di aplikasi ini banyak banget😭 ga layak bahkan di kasih bintang 1 aja 😭",2024-01-12 20:28:34,negatif
Pengguna Google,1,Knp sy tidak bisa masuk ke akun edlink sy?...,2024-01-11 10:39:52,negatif
Pengguna Google,1,"Apk rusak, maksa banget bikin apk",2024-01-05 19:53:42,negatif
Pengguna Google,1,Scan barcode presentasi selalu Ga Valid,2024-01-02 13:12:38,negatif
Pengguna Google,1,"Saya udah kumpul tugas, tapi file tugas yang sudah dikumpulkan hilang semua. Gimana solusinya ya kak?",2023-12-31 11:52:55,negatif
Pengguna Google,2,"Tolong kepada pihak apk sevima, akun saya saat akan mengakses materi dari dosen saya malah twetulis dibatasi. Tolong solusinya 🙏",2023-12-27 16:41:04,negatif
Pengguna Google,5,Universitas Mpu Tantular,2023-12-26 17:56:56,positif
Pengguna Google,1,"aneh kenapa tiba tiba keluar sendiri dari akun saya dan ketika masuk ga terhubung dengan kelas di perguruan tinggi, sangat menggangu ini! mau mengirimkan tugas tidak bisa juga, jangan sampai tugas yang udah saya kumpulkan hilang semua",2023-12-26 06:50:17,negatif
Pengguna Google,1,"Suruh kasih izin mulu, padahal udah dikasih izin penyimpanan, kocak nih aplikasi ga stabil",2023-12-22 17:58:18,negatif
Pengguna Google,1,"Kenapa kodenya tidak muncul"" di Gmail yang di pakai",2023-12-14 15:15:12,negatif
Pengguna Google,1,"Saya tidak bisa login, ketitka login malah disuruh melengkapi data katanya untuk ke amanan tetapi saya tidak mendapatkan kode verifikasi yany di kirim ke email, bahkan langkah ini tidak dapat di skip jadi saya mentok di situ, tolong di perbaiki merugikan saya karena tugas tugas saya disitu",2023-12-14 11:28:41,negatif
Pengguna Google,1,Ga bisa dapet dapet email tololll,2023-12-13 19:35:51,negatif
Pengguna Google,1,"Kenapa kalo pas ujian yg gak buka tab lain yang cuma nyalain hotspot ke deteksi curang malah yang tab lain nya jadi layar pop up, layar ngambang gak ke deteksi curang. Kan curang namanya kesian sama yang bener2 jujur yang cuma nyalain hotspot buat bantuin temennya malah ke deteksi curang, kalo mau ya semuanya aja mau layar pop up layar apapun itu ya harusnya ke deteksi curang Tolong dong di tingkatkan lagi",2023-12-10 12:53:40,negatif
Pengguna Google,5,"Apaan dah hak ases dibatasi,lihat kelas juga ga bisa",2023-12-07 19:15:50,positif
Pengguna Google,1,"Ga guna, percuma ngerjain tugas, tiba tiba log out sendiri begitu masuk tugas tugas yang udah di kerjain jadi muncul lagi jawaban kemrin hilang",2023-12-05 10:38:02,negatif
Pengguna Google,2,Aplikasinya tidak bisa douwload Pas sudah lama tidak di pake pas masuk harus masukan passwort lagi Susah pokoknya,2023-12-05 10:21:46,negatif
Pengguna Google,2,"untuk Verifikasi akun google gajelas, padahal sudah masukin kode dgn benar malah gabisa masuk dgn keterangan ""gagal mengganti email"" padahal email dan kode verifikasi sudah benar dan sesuai.",2023-12-04 19:37:05,negatif
Pengguna Google,5,Sangat membantu dan mantap,2023-12-03 14:08:31,positif
Pengguna Google,1,"Saya tidak menerima kode Verifikasi pakai akun lain juga sama, andai edlink ngak ada tugas ku udah kekumpul dari kemarin",2023-12-03 13:54:38,negatif
Pengguna Google,2,Materi yg dibagi dosen dan tugas yg teman kirim di edlin akun saya tidak muncul,2023-12-01 11:11:26,negatif
Pengguna Google,1,Kenapa di HP saya tidak bisa install ka?🙏,2023-11-30 23:21:45,negatif
Pengguna Google,5,Bagus sekali aku jadi mudah dalam mengumpulkan tugas kuliah,2023-11-30 15:34:28,positif
Pengguna Google,1,akun saya keluar sendiri dan tugas yg dikirim dosen tidak muncul mohon solusinya,2023-11-30 11:59:32,negatif
Pengguna Google,4,"Menurut saya, apknya udah bagus dan membantu.. cuman gatau sayanya yang belum tahu, di fitur quiz, setelah kita menyelesaikan quiz, kita ga bisa check soal yang salah.. jadi kalau bisa, siswa diberi akses untuk bisa check jawaban yang benar dan yang salah🙏🏻",2023-11-30 08:41:03,positif
Pengguna Google,2,"Kenapa ya tiba-tiba data yang saya miliki hilang setelah saya mengupdate aplikasi , setelah masuk kembali ,saya tidak bisa membuka tugas-tugas yang di kirim oleh dosen ?🥺🥺🥺",2023-11-28 19:19:54,negatif
Pengguna Google,2,"Setelah update apk nya crash, login balik semua tugas yg udah kekumpul malah hilang semua?????",2023-11-28 11:59:09,negatif
Pengguna Google,1,"APK gaje, tiba"" keluar sendiri pas mau login lagi. Gabisa karena ID & PW salah semua, kacaw",2023-11-28 06:50:20,negatif
Pengguna Google,1,"Tolong perbaiki, saya tidak bisa mengirim kan tugas padahal saya sudah mengirim nya, tolong di perbaiki",2023-11-27 19:53:59,negatif
Pengguna Google,4,"Min, kenapa edlink suka logout sendiri? Sebelumnya beberapa kali ke log out tpi bisa masuk pake google trus langsung ke sambung sama kampus, tpi ini saya ke log out lagi tpi harus nyambungin secara manual pake username sama pw, sedangkan akun itu susah masuk jika harus pakai username dan pw. Trus tugas-tugasnya juga notifikasi nya ga masuk, tugas-tugas yg dikirim dosen ke edlink ga ada yg masuk, padahal tugas itu deadline nya cuma 1 jam",2023-11-27 10:51:18,positif
Pengguna Google,5,"setelah update tiba-tiba crash,,, ketika aplikasi dibuka setelah update,,,, data-data kosong,,,, data-data tugas dan lainnya hilang semuanya, tolong diperbaiki dan diperiksa lagi,,,, kasihan pelajar-pelajar yang memakai aplikasi ini,,dan lagipula ini juga aplikasi yang banyak dipakai🐒💩👎",2023-11-26 09:54:35,positif
Pengguna Google,5,Terimakasih sevima sudah fast respon 💖,2023-11-25 19:34:06,positif
Pengguna Google,1,"Kok bisa""nya abis logout pas masuk lagi ke aplikasi semua data hilang tugas dan modul dari dosen tbtb ga ada, pdhl blom gw kerjain😢",2023-11-25 02:20:12,negatif
Pengguna Google,1,"Setelah di update tidak bisa login lagi selalu keluar"", sudah di loguot pun sama saja...",2023-11-24 10:00:32,negatif
Pengguna Google,1,"tolong diperbaiki dong data data tugas saya hilang semua nih, saya dari ibik 57",2023-11-24 09:45:30,negatif
Pengguna Google,1,Tolong pihak edlink kenapa ini tugas saya yg sudah saya kumpulkan dari awal kenapa pas sudah terupgrade jadi hilang tugas saya yg sdh dikumpulkan tolong diperbaiki segera,2023-11-24 09:09:50,negatif
Pengguna Google,1,"Akun tiba-tiba keluar sendiri, kalau login ulang email sama password salah padahal biasanya betul, sdh dari kemarin tetap gak bisa login walaupun udah login pake akun google tetap tdk bisa, apk sudah di update tetap tdk bisa, kalau masuk semua data-data bahkan tugas semuanya hilang, tolong secepatnya di perbaiki karna sangat merugikan bagi mahasiswa yg menggunakannya apalagi kalau kumpul tugas🙏🙏",2023-11-24 08:45:14,negatif
Pengguna Google,1,Error mulu,2023-11-23 18:37:58,negatif
Pengguna Google,5,"Akun edlink saya tiba² logout padahal ngga diapa-apain. Ketika saya sudah login kembali, malah semua datanya hilang 404 Not Found. Ini kenapa ya, min admin? Tolong solusinya bagaimana? Tolong dong ini saya bagimana mau mengikuti perkuliahan & unduh file tugas kalau begini...😭 Setelah saya komplain langsung ditangani...selesai 1hari.... Terima kasih 🙏",2023-11-23 15:02:52,positif
Pengguna Google,1,Update ter Baru buat data yang ada sebelumnya hilang sehingga saya kesulitan untuk mencari metri perkuliahan yang saya butuhkan tolong segera diperbaiki,2023-11-23 13:18:37,negatif
Pengguna Google,5,cepat sekali responnya,2023-11-23 13:07:49,positif
Pengguna Google,1,Akun saya keluar mulu. Biasanya datanya aman sekarang udah ilang semua kelas kelas saya. Solusinya gimana min???,2023-11-23 07:38:18,negatif
Pengguna Google,1,Ini gimana ya tiba-tiba keluar terus pas udah bisa masuk lagi tugas sama kelasnya hilang,2023-11-23 00:54:34,negatif
Pengguna Google,5,Akun keluar dan tiba tiba nilai hilang semua dan tugas juga tidak terkumpul admin cepat dalam respon saat terjadi masalah,2023-11-23 00:47:41,positif
Pengguna Google,5,"Ga suka,, banyak banget masalah sama aplikasinya Saya lagi ada quiz malah ngga bisa kebuka tolong dong sistemnya di perbagus lagi supaya ga sering log out dan ngga terjadi hal yg sama ke yg lain",2023-11-22 17:16:17,positif
Pengguna Google,1,"Aplikasi gak jelas, tiba2 akunnya keluar sendiri, padahal akun siakad udah disambungkan ke email, tapi pas login pakai email, akun siakadnya malah gak ada",2023-11-22 16:09:46,negatif
Pengguna Google,1,biasa eror pak,2023-11-22 13:52:32,negatif
Pengguna Google,2,"Hbis diperbarui semua data hilang, jadwal gak muncul",2023-11-22 13:42:50,negatif
Pengguna Google,1,"Buka di leptop = Klas dan lain2 tidak di temukan status mahasiswa, saat buka di hp status tamu = klas, dll tidak ditemukan. Sering logout sendiri",2023-11-22 13:06:48,negatif
Pengguna Google,1,"Aplikasi rusak, hak akses dibatasi tiba-tiba, padahal sebelumnya aman"" aja.. Gw duga apknya tidak melindungi privasi data pengguna",2023-11-22 11:14:19,negatif
Pengguna Google,5,Mantapp,2023-11-22 09:53:20,positif
Pengguna Google,5,"Aplikasinya bagus,banyak fiturnya dan juga mudah untuk menggunakannya",2023-11-21 19:56:49,positif
Pengguna Google,5,edlink saya sudah bisa kembali. terima kasih min,2023-11-21 16:29:20,positif
Pengguna Google,1,Woiii knapa maintenance ini mau ngompol tugasssssss,2023-11-20 23:30:27,negatif
Pengguna Google,2,Ngebugnya ya ampun lamanya bukan main,2023-11-20 23:21:00,negatif
Pengguna Google,1,Sangat lemot sekali nilai UTS ku jadi kecil gara gara keluar sendiri di apknya,2023-11-20 13:57:10,negatif
Pengguna Google,5,"Bagus sih membantu dalam perkuliahan, tetapiterkadang ketika lama ga di gunakan keluar keluar sendiri (logout)",2023-11-19 12:08:31,positif
Pengguna Google,1,"Buka ed link langsung keluar dari akun, masuk via email password salah, mau ganti password, verifikasi di website edlink.id, pas buka untuk login dialihkan ke aplikasi, begitu terus. Niat nggk memudahkan user 😞",2023-11-18 14:56:42,negatif
Pengguna Google,5,Mantap lahh untuk kuliahan,2023-11-10 13:55:24,positif
Pengguna Google,5,Aplikasinya bagus sekali Bisa membantu mahasiswa dalam kegiatan perkuliahan,2023-11-07 14:54:31,positif
Pengguna Google,2,Masih banyak tab yang bug tolong di rapihkan kembali terimakasih,2023-11-03 21:36:44,negatif
Pengguna Google,1,"Mohon min. Untuk pembagian kelompoknya jangan sesuai abjad, semoga ada perubahannya dan ratingnya nanti bagus",2023-10-31 18:35:36,negatif
Pengguna Google,1,ngebug wktu quiz padahal jaringan aman aman saja,2023-10-31 09:46:21,negatif
Pengguna Google,1,Bug nya banyak banget bikin risih,2023-10-31 09:46:15,negatif
Pengguna Google,5,Kasih bintang 5 dah biar uts lancar,2023-10-30 08:03:33,positif
Pengguna Google,1,Jelek. Submit file gak ke upload,2023-10-29 19:11:15,negatif
Pengguna Google,5,"kok akun saya tiba-tiba keluar sendiri dari apk nya padahal ngga di apa-apain, pas masuk lagi malah semua data-datanya pada ilang, gimana nih min tolong dong ini saya gimana mau ngikutin perkuliahan🙏😭 sekarang sudah jadi",2023-10-26 11:00:43,positif
Pengguna Google,5,Cs nya bagus cepat dan tanggap👍👍👍,2023-10-25 19:00:55,positif
Pengguna Google,4,"Sudah oke. Namun masih bug. Bug nya adalah: saya login sbg dosen. Lalu create schedulled meeting room utk sabtu jam 16.00. Meeting singkron dgn google kalendar, tapi schedule di kalendar nya malah muncul untuk hari ini jam 16.00.",2023-10-25 18:10:15,positif
Pengguna Google,5,Very Good,2023-10-24 11:37:37,positif
Pengguna Google,1,Perbaiki bug tiba tiba tidak bisa mengunduh dan Untuk presensi QR Barcode/absensi Adakan fitur ambil gambar dari galeri,2023-10-23 10:42:24,negatif
Pengguna Google,1,"Padahal postingan dosen kok dikirim notif juga ke mahasiswa saat ada yang menanggapi postingan tersebut, ganggu",2023-10-22 14:15:54,negatif
Pengguna Google,1,TAMBAHKAN FITUR ZOOM UNTUK ABSENSI TOLONGGGG DI PRESENSI QR AGAR SAAT ABSEN TIAK HARUS KEDEPAN,2023-10-19 07:31:02,negatif
Pengguna Google,1,"Kok selalu jaringan bermasalah ya? Padahal jaringan saya lancar, jadi saya tidak mengumpul tugas dengan tepat waktu. Mohon perbaiki lagi apknya.",2023-10-18 20:25:15,negatif
Pengguna Google,1,"Kok gak bisa ke buka aplikasi, katanya ""gak ada koneksi internet"" padahal udah forji jaringannya",2023-10-18 18:30:05,negatif
Pengguna Google,1,"Udah hadir 3 pertemuan scane code tetep keterangan nya 0 0 0 0 Terus notif telat muncul, jadwal ngaco dll Apk ini masih prematur udah launching jadi gini dah, bukanya mempermudah malah ribet",2023-10-18 17:44:53,negatif
Pengguna Google,2,"Kok gini amat apkx,,masalah koneksi truss pdahl jriganku bgus lo",2023-10-18 13:28:12,negatif
Pengguna Google,1,"Ini gimana ya? Makin jelek edlink skrng, pdhl kemarin sudah membayar di bank, tpi keterangan transaksi belum berhasil",2023-10-17 15:41:41,negatif
Pengguna Google,1,"Harusnya yaaa setelah pemeliharaan sistem ituuu, aplikasinya semakin bagus tapi ini enggak Malah ngedown dan error' yang merugikan penggunanya Udah mbayar tagihan sesuai yang ditentukan dan nomer tujuan pengiriman juga benar tapi di aplikasi malah ga ke detect Ini gimana yaaa sistemnya, kalau bisa bikin aplikasi jangan merugikan penggunanya",2023-10-17 10:03:32,negatif
Pengguna Google,5,"Tingkatkan lagi, jangan ad masalah lagi👌👌",2023-10-17 09:31:17,positif
Pengguna Google,1,nyusahin,2023-10-16 10:36:51,negatif
Pengguna Google,1,"Tidak bisa buka aplikasi. ""Masalah koneksi tidak terhubung ke internet"". Padahal kuota internet masih ada. Sudah coba buka di perangkat yg berbeda namun hasilnya tetap sama. Apa sedang ada gangguan server/bagaimana?",2023-10-16 09:49:19,negatif
Pengguna Google,2,"Kenapa saya sering dapat gangguan jaringan min, aplikasinya gk bisa dibuka",2023-10-15 18:56:33,negatif
Pengguna Google,1,"ini servernya yg eror atau bagaimana? pas buka aplikasi loading mulu. katanya gk ada jaringan padahal buat buka aplikasi seperti google classroom, zoom, dll aman aman aja.",2023-10-15 11:31:49,negatif
Pengguna Google,1,"tolong dong ini edlink dari tdi saya login tapi tidak bisa masuk, saya punya tugas deadline nya soreee! tolong diperbaiki secepatnyaaaa",2023-10-15 09:53:55,negatif
Pengguna Google,1,apk rusakkkk,2023-10-12 14:05:39,negatif
Pengguna Google,1,"masih ada bug, suka keluar sendiri",2023-10-11 09:41:41,negatif
Pengguna Google,5,Sangat membantu.. 😍,2023-10-09 14:03:10,positif
Pengguna Google,5,Keren,2023-10-08 17:01:14,positif
Pengguna Google,1,Dipakenya jadi enggak jelas kaya dulu,2023-10-06 21:31:13,negatif
Pengguna Google,4,tolong dibagian absensi agar diperbaiki dong padahal masuk kelas terus dan absen juga selalu ditick dosen tapi kenapa di kehadiran saya 0 semua. Sudah saya unistall dan reinstall tapi masih begitu 🥲,2023-09-30 18:10:49,positif
Pengguna Google,2,Selalu ngelag aplikasi nya disaat ada tugas yang harus dikerjakan tidak langsung masuk delay beberapa hari,2023-09-29 21:00:30,negatif
Pengguna Google,5,Apk ini sangat membantu para maha siswa stikes panti rapih Yogyakarta untuk memgakses materi mata kuliah dan masih banyak lagi 🙏,2023-09-26 15:21:37,positif
Pengguna Google,1,"Masih kurang sinkron dengan SIADIKNONA kampus, ada beberapa kelas yang tidak muncul, nilai di KHS/KRS juga.",2023-09-24 00:07:44,negatif
Pengguna Google,1,"Gabisa ubah profil aneh bgt, pdhl penting buat nandain kita dari orang lain dlm bukti pengiriman tugas",2023-09-21 06:38:05,negatif
Pengguna Google,2,"Kenapa edlink suka tibatiba ke log out sendirii, dan tibatiba ngga bisa absen jugaa:))))))",2023-09-18 13:33:57,negatif
Pengguna Google,1,Tiba tiba EdLink saya error,2023-09-18 11:06:25,negatif
Pengguna Google,5,Semenjak di update gak bisa log in terus padahal email sudah benar...,2023-09-17 21:51:51,positif
Pengguna Google,1,EdLink saya tidak bisa login/ dibuka,2023-09-17 18:29:35,negatif
Pengguna Google,1,Tolong dong untuk presensi buat ambil kode barcode lewat foto yang tersimpan saya kalau tidak ada fitur itu jadi kesulitan karena hp saya 1 dan keadaannya saya sedang sendirian di jalan tolong buat fitur itu,2023-09-16 17:19:16,negatif
Pengguna Google,4,shifa,2023-09-12 22:02:22,positif
Pengguna Google,5,"maaf saya tarik kembali bintang satunya, maaf ya, tugasku sudah kelihatan tadi tidak padahal karena loadingnya lama, mamaku bilang kalau kita harus jujur, terimakasih atas aplikasinya",2023-09-12 19:35:18,positif
Pengguna Google,5,kata nuri bagus dan membantu pembelajaran,2023-09-12 09:14:23,positif
Pengguna Google,1,"aplikasi makin aneh, mau bayar lewat mandiri pun gak bisa, pass di TF muncul tulisan, maaf rekening ini tidak di temukan, trus satu lagi, kok tagihan SPP jadi doubel, padahal pas liat beberapa hari yang lalu gak gitu, kalo satunya buat semseter 4 sangat tidak logis, baru aja masuk semseter 3 masa udah ada tagihan semester 4",2023-09-11 19:04:45,negatif
Pengguna Google,2,"Mau login pake siakad tapi gak bisa, malah disuruh masukin email(?)",2023-09-11 07:16:26,negatif
Pengguna Google,1,Aku udah nerima kode Verifikasi berkali² tapi ttp nggak bisa dasar error,2023-09-10 20:28:53,negatif
Pengguna Google,2,tolong saya mau upload tugas malah tidak ada portalnya adahal teman-teman yg lain tidak ada error sama sekali hari ini deadline saya sudah kirim email tapi tidak di respon bagaimana ini,2023-09-09 19:05:08,negatif
Pengguna Google,1,Apk tidak bisa di pakai tidak ada notifikasi tugas,2023-09-07 08:36:44,negatif
Pengguna Google,1,Tak bisa login padahal username dan pw sudah benar,2023-09-05 08:03:49,negatif
Pengguna Google,4,"NOTIF GETAR AMPAS, UDAH DI MATIIN TAPI TETEP GETAR. SAMPAH",2023-09-01 11:49:46,positif
Pengguna Google,5,"Setelah edlink di update, saya coba login dengan akun saya tapi tidak bisa, mohon arahannya kenapa bisa seperti ini??? Padahal banyak data-data penting yang mau saya ambil🙏🏻🙏🏻🙏🏻 terus kemudian edlinknya malah tidak muncul di layar utama HP🙏🏻🙏🏻🙏🏻",2023-08-30 04:32:20,positif
Pengguna Google,1,Pengen serius kuliah malah aplikasi ngebug. Menghambat bikin malas. Tolong banget bikin menghambat banget. Tolong segera perbaiki.,2023-08-29 12:22:25,negatif
Pengguna Google,5,So,2023-08-24 13:51:29,positif
Pengguna Google,5,"Sangat bagus dan bermanfaat sekali bagi saya, terimakasih 🙏",2023-08-20 06:00:29,positif
Pengguna Google,5,Saya sangat merasa terbantu dengan adanya aplikasi edlink mempermudah saya untuk mengetahu nilai dan mata kuliah saya beserta hasil ujian,2023-08-14 16:28:28,positif
Pengguna Google,5,Sudah lumayan baik,2023-08-10 03:52:27,positif
Pengguna Google,5,Bagus. Sangat membantu,2023-08-08 09:11:35,positif
Pengguna Google,5,Kok di edlink nilai aku yg semester ini malah kecampur sama Nilai semester kmren ya,2023-08-02 08:36:02,positif
Pengguna Google,1,Kenapa saya tidak bisa login padahal Nim sama password saya sudah benar,2023-07-31 17:48:53,negatif
Pengguna Google,2,Susah nginstalnya,2023-07-28 23:06:27,negatif
Pengguna Google,1,Masa aku udah bayar ukt tpi statusnya belum bayar. Kan jadi ga bisa ngisi KRS,2023-07-27 15:47:42,negatif
Pengguna Google,2,Ini kenapa yah setiap saya mau login koneksi server bermasalah terus?,2023-07-26 08:03:03,negatif
Pengguna Google,1,Belom bisa pake paylater,2023-07-24 13:08:13,negatif
Pengguna Google,1,"Saya kasih bintang 1 apa"" an kaya gini saya yg tidak bisa ngerjain tugas karena edlink saya engga mau ke buka Nim saya pasword saya udh betul ko keterangan nya malah di suruh cek ulang sudah saya coba masuk lagi hasilnya tetap sama tolong diperbaiki lagi dong kalo begini terganggu tugas kuliah yang mau saya kerjakan",2023-07-23 04:27:29,negatif
Pengguna Google,1,"Ngapa dah kampus gue kerjasama sama ini aplikasi nyusahin doang sistemnya belum siap datanya gak cocok mau bayar ukt ribet banget, aplikasi nyusahin",2023-07-20 12:04:57,negatif
Pengguna Google,5,"Semenjak di Update beberapa Minggu lalu, kok Pas buka edlink yg muncul bukan Nilai D4 saat ini, tp yg muncul Nilai D3 beberpa tahun lalu, itupun hnya sebagian yg muncul",2023-07-18 06:50:02,positif
Pengguna Google,1,"Makin kesini makin gjls,mending download epep",2023-07-15 17:17:04,negatif
Pengguna Google,4,Sangat bagus sekali 🥰👌,2023-07-15 12:46:16,positif
Pengguna Google,4,"Mau Bayar ukt tapi harus ngisi email/no.handphone padahal udah keisi semua, gimana ya min? Mohon dibalas secepatnya 😭🙏",2023-07-14 09:15:50,positif
Pengguna Google,1,"Kenapasi hrus ada update² segala enakan kaya kemaren ngaksesnya ga repot, skrg masa harus masukan ini dulu ini dulu ribet, orang pengen liat nilai aja susah, tolong deh gausah di update² sesuatu yang udah memudahkan, hal² yg di cari skrg tuh yang ga ngeribetin, ini malah di upgrade ke hal² ga jelas, udah enak enak dulu login cuma masukin nim sama kata sandi malah diubah",2023-07-13 18:20:38,negatif
Pengguna Google,5,Terima kasih atas fasilitas ini,2023-07-11 15:11:37,positif
Pengguna Google,1,Kenapa dowload di iphone ngga bisa sihhh,2023-07-11 07:11:30,negatif
Pengguna Google,5,Masalah kelas hilang sudah terselaikan berkat bantuan admin. Terima Kasih,2023-07-07 15:37:22,positif
Pengguna Google,1,"Apaan nilai di web kampus sama edlink beda jauh, gak ada ya di web kampus mengulang matkul eh ini nilainya malah anjlok, data nya yang bener dong. Mendingan gak usah pake aplikasi ini gak bener datanya, bikin emosi aja liatnya",2023-07-06 14:31:56,negatif
Pengguna Google,1,Halo kak tolong untuk developer nya agar memudah download file materi dan tugas yg di bagikan oleh dosen dengan menaruh tombol unduh dan langsung mengunduh di aplikasi tanpa menggunakan pihak ketiga🙏,2023-07-04 16:30:55,negatif
Pengguna Google,1,"Edlink taekkkk, gabisa d akses d web",2023-07-02 19:43:42,negatif
Pengguna Google,1,login ajjj susah,2023-06-29 18:53:43,negatif
Pengguna Google,1,"Ini matakuliah saya hilang hilang tak betul lah, kalo di lulusin nggak apa juga ni tugas saya numpuk nggak bisa ngirim tugas, kacau lah",2023-06-26 20:42:40,negatif
Pengguna Google,1,tidak ada kejelasan untuk pembayaran dengan sevima pay,2023-06-26 09:29:38,negatif
Pengguna Google,5,"Apk Gk bisa dibuka padahal buka youtube,ig dll bisa, saya jadi sering telat kirim tugas dan masuk kuliah online",2023-06-25 21:37:26,positif
Pengguna Google,1,"Udah ga bisa scan, sekarang malah error lagi. Woi kenapa malah jadwal kuliah saya ke apus dari kalender",2023-06-25 17:41:54,negatif
Pengguna Google,1,Ini kuis gabisa di klik gimana malah diarahkan ke aplikasi kan udah download aplikasi nya udah update juga ngapa malah diarahin keaplikasi lagi ujung ujungnya gabisa,2023-06-25 09:02:08,negatif
Pengguna Google,1,plis dong lagian quiz ini gw gabisa akses quiz nya,2023-06-25 08:51:12,negatif
Pengguna Google,1,Tiba-tiba ga ada angin ga ada ujan akun anda terblokir padahal kemaren² baik² aja kok skrg pas gue mau buka kkaga bisa,2023-06-25 08:44:13,negatif
Pengguna Google,1,"Kenapa ada update di hari Minggu? Saya jadi tidak bisa login karena ada tulisan silakan login melalui SSO, tapi diklik tidak ada respons. Sudah dicoba melalui laptop, handphone, komputer sama saja. Sekarang bagaimana ini saya mau mengumpulkan tugas, hari ini deadline. Tahu tidak hal mendasar dari update, jika tidak ada yang rusak mengapa diperbarui? Tim Sevima, ayolah jika ada update dicek dahulu dengan benar baru diterapkan, buat aplikasi kok banyak error begini.",2023-06-25 05:57:49,negatif
Pengguna Google,5,"Lumayan membantu, hanya saja setelah tugas diserahkan tidak ada arsipnya",2023-06-25 05:01:43,positif
Pengguna Google,2,Dl bagus..tp skrng sudah gsering bermasalah...yg loading nya lama banget,2023-06-05 13:33:39,negatif
Pengguna Google,5,GOOD APP... TX...,2023-06-04 08:07:35,positif
Pengguna Google,1,"tambahkan fitur scan barcode dari galeri, jangan menyusahkan user",2023-05-30 09:01:44,negatif
Pengguna Google,5,"Yeee scan barcode nya udah bisa dong. Buat yang lain kalo scan barcode nya blur, coba ubah ukuran font nya jadi paling kecil, nanti scan barcode nya pasti jernih lagi. Sukses selaluu, ini aplikasi membantu bgt buat perkuliahan🤍",2023-05-24 16:08:26,positif
Pengguna Google,5,sangat baik,2023-05-19 14:09:37,positif
Pengguna Google,1,"LEMOT ASW NGESTALK DI LOGO TERUS LOADING LAMA WIFI KENCENG TETEO GA NGARUH , NGIRIM FILE LAMA BANGET, LOADINGNYA LAMA ANJG NI APK TEKAT NGUMPULIN TUGAS",2023-05-19 08:01:59,negatif
Pengguna Google,1,Ngebug parah baru Download. Loading lama pencarian universitas,2023-05-15 09:31:03,negatif
Pengguna Google,1,Parah edlink sekarang scan absen nge-blur tolong cepat diperbaiki🙏,2023-05-13 18:41:08,negatif
Pengguna Google,1,Edlink eror loading terus kek mana buat tugas,2023-05-10 07:45:18,negatif
Pengguna Google,1,Ini mau update apa gimna? Lemot bngt! Tugas numpuk woyyyy tolong laah,2023-05-10 07:15:23,negatif
Pengguna Google,1,"banyak banget bug, ni aplikasi padahal dipake sm buanyak banget universitas loh, secepatnya lah di perbaiki bug itu",2023-05-10 07:14:44,negatif
Pengguna Google,1,"Gara"" muser mulu 15 soal baruku kerjakan 2 soal kalo gini gmana bro?",2023-05-09 20:05:34,negatif
Pengguna Google,1,"Di perbaikilah dikit² server eror kocak amat, orang mau ngumpul tugas juga ribet",2023-05-09 19:43:28,negatif
Pengguna Google,1,Perbaiki masalah sinyal lah. Mau ngumpul tugas susah amat,2023-05-09 19:17:51,negatif
Pengguna Google,1,"Semakin di update, scan kamera jadi kabus, jadi nggak guna ni aplikasi",2023-05-07 13:22:42,negatif
Pengguna Google,2,"kalau sy kamera kode QR sy yang buram padahal sy cek kamera pake fhoto hasilnya bagus, nah pas mau absen lewat kode QR malah kameranya buram, gimana nih solusinya",2023-05-07 10:40:41,negatif
Pengguna Google,5,Cukup membantu dalam sistem perkuliahan online,2023-05-06 07:30:52,positif
Pengguna Google,2,"Kenapa di saya aplikasi ini keseringan nge bug? Dang nge bug nya selalu di saat saya ada kelas ataupun mau menyetor kan tugas, tolong segera di perbaiki kak Terimakasih",2023-05-05 13:21:17,negatif
Pengguna Google,2,"Kenapa ketika presensi QR kamera nya buram ya min? sehingga saya nggak bisa isi absen, padahal kamera asli saya jernih lohh😢",2023-05-04 11:21:06,negatif
Pengguna Google,1,Muter teruuss,2023-05-04 09:13:17,negatif
Pengguna Google,5,"Admin kenapa Tidak bisa absen menggunakan barcode di edlink, menggunakan akun ku, biasa bisa tapi kali ini tidak bisa lagi, mohon solusinya adamin",2023-05-03 17:30:00,positif
Pengguna Google,5,Sudah bisa kak alhamdulillah,2023-05-03 10:43:02,positif
Pengguna Google,1,"Absen perlu pakai 2 device ? Ntah gw yg gk tau cara absen cuma pakai 1 device aja atau emng aplikasi ini emng msh banyak yg cacat, masa untuk absensi perlu pakai 2 device",2023-05-02 18:46:32,negatif
Pengguna Google,5,Memudahhkan mahasiswa dalam akses studinya,2023-05-01 13:07:13,positif
Pengguna Google,1,Camera nya buram setelan update,2023-04-28 10:42:39,negatif
Pengguna Google,1,Notivikasi sering tidak muncul sehingga sering ketinggalan informasi. Tolong ditingkatkan kembali 🙏🏻,2023-04-27 11:00:59,negatif
Pengguna Google,1,Bug sendiri anehhh,2023-04-26 13:21:45,negatif
Pengguna Google,4,Kenapa setelah saya update ke versi terbaru malah utk absensi di diskusi tdk bisa ? Padahal sebelumnya bisa. Tlg di tanggapi ya. Thanks,2023-04-16 19:47:14,positif
Pengguna Google,5,Out,2023-04-15 16:47:13,positif
Pengguna Google,5,"Untuk developer membuat sebuah sistem memang sulit. ini adalah sebuah pencapaian yang luar biasa, Terimakasih Developer telah menangapi Masukan dan melakukan beberapa pembaruan pada sistem seperti sekarang dapat melihat file tugas yang akan di kirim. 🙏 Terimakasih ❤️🤝",2023-04-13 22:37:34,positif
Pengguna Google,1,"Muat mutar aja terus, aplikasi nya setelah di update nge stak di logo edlink nya doang ngak bisa masuk aplikasi",2023-04-13 03:05:03,negatif
Pengguna Google,1,Download nya suka eror,2023-04-12 19:56:53,negatif
Pengguna Google,5,Aplikasinya sangat bagus dan sangat membantu untuk menjadi perantara antara mahasiswa dengan pihak universitas dalam belajar,2023-04-11 05:52:08,positif
Pengguna Google,1,WOI GIMANA KOK GA BISA DI BUKA KENA MAKI DOSEN AKU GA NGUMPUL TUGAS,2023-04-03 16:32:55,negatif
Pengguna Google,5,Aplikasinya baguss,2023-04-02 18:41:02,positif
Pengguna Google,1,"Saya disuruh untuk mengirimkan kendala ke email edlink,lalu emailnya tidak tertera",2023-03-31 14:44:40,negatif
Pengguna Google,5,"kenapa rps hanya muncul di beberapa akun saja dan yang lain tidak muncul. tolong dibenerin, terimakasih",2023-03-31 14:06:35,positif
Pengguna Google,1,"Tolong di perbaiki lagi,karna setiap ingin masuk pasti lelet terus menerus,apalagi di waktu penting seperti UTS dak UAS",2023-03-30 08:00:56,negatif
Pengguna Google,1,"Segera di atasi, edlink error sekarang. Please ada tugas dari dosen",2023-03-27 18:29:44,negatif
Pengguna Google,1,Bikin ribet,2023-03-22 19:46:25,negatif
Pengguna Google,4,Maaf mas ada bug nih tiba tiba matkul hilang semua tolong diperbaiki sama bug rps jadi ganda,2023-03-21 12:49:16,positif
Pengguna Google,5,"Klo kirim pesan obrolan di edlink, emang pesan bisa terlihat oleh seluruh peserta di edlink ya? Terimakasih atas tanggapan pengembang",2023-03-17 20:15:12,positif
Pengguna Google,1,Kalo pakai WiFi gabisa di buka,2023-03-15 15:57:32,negatif
Pengguna Google,1,Saya tidak bisa mengakses edlink setelah selesai update mohon bantuannya,2023-03-13 23:19:05,negatif
Pengguna Google,1,Sangat mempersulit mahasiswa,2023-03-13 14:31:07,negatif
Pengguna Google,5,Lumayan,2023-03-11 10:05:59,positif
Pengguna Google,4,Tidak ada rincian absensi seperti di siakad. Fitur kurang lengkap,2023-03-09 19:04:53,positif
Pengguna Google,2,Ketika mengisi quiz Suka pindah sendiri jawaban nya padahal sudah benar saya mengisi,2023-03-07 18:01:40,negatif
Pengguna Google,1,Tidak bisa masuk dan sangat buruq,2023-03-07 17:11:44,negatif
Pengguna Google,4,"Udah seminggu aplikasi nya susah di buka, notifikasi lancar masuk, tapi masuknya mau 30 menit an😭😭",2023-03-06 07:55:49,positif
Pengguna Google,2,Eror saat krs dan absen. Android 10 Qkq1. Absen jd kosong. Krs akhirnya lewat web. So sad masih terkendala redmi 7 tdk bisa pakai,2023-03-01 21:00:17,negatif
Pengguna Google,5,Mksih,2023-02-27 11:23:49,positif
Pengguna Google,2,Ga becus,2023-02-26 00:53:04,negatif
Pengguna Google,1,Update terus,2023-02-24 17:23:45,negatif
Pengguna Google,5,Bagus aplikasinya,2023-02-23 10:53:26,positif
Pengguna Google,5,TOP,2023-02-22 03:49:42,positif
Pengguna Google,1,"drive busuk,download materi ngulang mulu gak jelas nih app",2023-02-14 09:54:31,negatif
Pengguna Google,2,Tidak bisa scan QR code,2023-02-13 09:04:55,negatif
Pengguna Google,4,"Fitur dari aplikasi sudah bagus, sangat membantu dalam pembelajaran :) -Universitas Islam Balitar",2023-02-10 20:09:18,positif
Pengguna Google,4,"Aplikasi ini cukup baik dan untuk pemakainnya tidak terlalu ribet, juga berandanya cukup menarik untuk dilihat karena memiliki warna yang bervariasi yang membuat tidak bosan untuk dilihat, sayangnya aplikasi ini terlalu sering untuk meminta update yang dimana itu cukup mengganggu dan proses update nya cukup merepotkan pengguna. -Universitas Islam Balitar",2023-02-10 08:51:10,positif
Pengguna Google,4,"Aplikasi ini sangat membantu mengenai informasi mahasiswa, tetapi notifikasi pemberitahuan tidak otomatis muncul harus masuk aplikasi terlebih dahulu. ~Universitas Islam Balitar",2023-02-09 19:42:15,positif
Pengguna Google,5,"Aplikasi ini sangat berguna dan bermanfaat bagi para pelajar khususnya mahasiswa, sebagai tempat pengumpulan tugas dan mendapatkan materi , dan juga lebih simpel dan tidak membuang² waktu dalam pengumpulan. - Universitas Islam Blitar",2023-02-09 17:57:49,positif
Pengguna Google,4,Aplikasi edlink ini sangat membantu dan mempermudah dalam proses perkuliahan hanya saja untuk notifikasi sering terjadi keterlambatan - Universitas Islam Balitar,2023-02-09 17:37:04,positif
Pengguna Google,4,"notifikasi lambat, mohon segera diperbaiki sehingga dapat digunakan lebih maksimal - universitas islam balitar",2023-02-09 17:36:29,positif
Pengguna Google,4,"Cukup membantu saat melakukan perkuliahan online terutama saat pandemi covid, namun ada beberapa bug yang atau kekurangan dari aplikasinya contoh notifnya selalu telat dan tugas yang sudah dikerjakan notif diberanda tidak bisa dihilangkan harap diperbaiki sih kekurangan dan bugnya -Universitas Islam Balitar",2023-02-09 17:23:59,positif
Pengguna Google,5,Pembelajaran menjadi lebih mudah dan efisien melalui edlink Universitas Islam Balitar,2023-02-09 17:22:02,positif
Pengguna Google,4,"Aplikasi nya sudah bagus, membantu dalam perkuliahan saya. Hanya saja untuk notifikasi sering kali terlambat, tampilan di edlink dan untuk absensi kadang tidak terdeteksi hingga perlu mengulangi beberapa kali. _Universitas Islam Balitar Blitar",2023-02-09 17:16:36,positif
Pengguna Google,4,"Aplikasi yang sangat membantu dalam proses pembelajaran. Ada beberapa kekurangan, salah satunya yaitu notifikasi sering terlambat muncul -Universitas Islam Balitar",2023-02-09 14:31:35,positif
Pengguna Google,4,Kenapa di Ed link tidak bisa melihat absensi perkuliahan,2023-02-05 14:35:27,positif
Pengguna Google,5,"bagus, sangat membantu dalam perkuliahan saya.. tetapi ketika saya mengeluarkan akun daftar nilai saya pada hilang.. mohon di tingkatkan lagi supaya tidak ada kesalahan lagi",2023-02-02 13:38:56,positif
Pengguna Google,5,The best♥️,2023-01-31 18:05:29,positif
Pengguna Google,5,"Tolong perbaiki beberapa ketidaksesuaian margin di beberapa perangkat ya... Contohnya di perangkat saya ini, ada beberapa info yang kepotong di bagian bawah seperti pada bagian KHS. Tolong tambahkan margin bawahnya.. Terimakasih.",2023-01-31 09:33:39,positif
Pengguna Google,2,"Ampas, dosen buta mahasiswa , melek kalok soal bayar dasar USB USB, FITUR GA ADA GA KEK siakad cloud yg lama...",2023-01-31 05:58:54,negatif
Pengguna Google,1,Waktu verifikasi cuma 30 detik Luar biasa......... Pengembang kurang berfikir dalam hal ini,2023-01-29 20:47:34,negatif
Pengguna Google,1,"Persentasi kehadiran gak ada, materi dari pertemuan sebelumnya gak ada, ada kelasnya tapi sesi tidak di temukan. Ini buat pendidikan tapi kalo gini serasa gak maksimal buat apa, ketauan siakad lama",2023-01-28 09:14:38,negatif
Pengguna Google,1,apk kntl gua tugas udah masukin bener malah ngirim ke tugas yg lain gajelas ini apk !!!!,2023-01-27 13:57:24,negatif
Pengguna Google,4,Nilai mata kuliah jadi double tolong bug nya di benerin kak,2023-01-27 09:58:59,positif
Pengguna Google,2,Kenapa IPK sy cuma sampai semester 5 sj padahal udah masuk semester 8,2023-01-26 08:11:03,negatif
Pengguna Google,1,"tolong segera perbaiki, kode va tidak muncul saat mau melakukan pembayaran",2023-01-26 05:21:00,negatif
Pengguna Google,1,"Susah amat bayar ukt nya, di siakad gw gada nomor pembayaran ukt jir",2023-01-25 15:19:05,negatif
Pengguna Google,5,Aplikasinya sangat membantu sekali Terimakasih Edlink,2023-01-25 09:08:27,positif
Pengguna Google,5,👍👍👍👍👍👍👍👍,2023-01-24 20:52:38,positif
Pengguna Google,1,Loading aja terus ngehambat perkuliahan,2023-01-23 16:38:55,negatif
Pengguna Google,2,Tidak bisa download khs. Kembalikan aplikasi siakad cload,2023-01-22 16:36:24,negatif
Pengguna Google,5,Belum bisa sempurna tapi mepesona,2023-01-21 08:18:02,positif
Pengguna Google,2,"Notif telat muncul, dan jadwal suka tiba tiba gak ada, kedepannya mohon di perbaiki lagi.",2023-01-19 20:31:00,negatif
Pengguna Google,4,"Bagus, namun ada bug di Nilai saat scroll kebawah dan kembali keatas semua nilai Mata Kuliah menjadi double, dan di akun perguruan tinggi tidak ada space antara content dan headernya sehingga tidak nyaman dilihat.",2023-01-19 09:08:34,positif
Pengguna Google,1,Tidak bisa di download di HP Redmi Note 8. Berulang kali pun dicoba tetap ga bisa,2023-01-18 17:27:34,negatif
Pengguna Google,1,"Apk Apaan ,minta di update ,giliran minta kode verifikasi ga kekirim kirim,memang apk rusak ,udh nyoba brapa kali pake no dan udh ganti ganti juga,gaush ada update ,updatean ny jlek ,mana lagi ada tugas ,auto kena deadline gegara apk kek tytyd ini ,minta kode verifikasi lah kntd ,muak gw",2023-01-18 09:58:33,negatif
Pengguna Google,1,Cacat,2023-01-17 16:42:25,negatif
Pengguna Google,1,Tak jelas anj,2023-01-16 18:23:59,negatif
Pengguna Google,5,gud,2023-01-13 08:14:08,positif
Pengguna Google,1,kok setelah di update malah ga kebuka,2023-01-09 22:44:46,negatif
Pengguna Google,5,Luar biasa,2023-01-08 06:37:41,positif
Pengguna Google,1,buruk!!!,2022-12-31 15:09:24,negatif
Pengguna Google,5,"Setelah melakukan perbarui aplikasi, sekarang tidak bisa muncul notifikasi di edlink, mohon saran atau perbaikan terimakasih",2022-12-29 16:49:48,positif
Pengguna Google,2,"Semejak update an baru malah notifikasi tugas dan materinya tidak muncul , mohon diperbaiki secepat mungkin karena kami terkendala dan dapat mengakibatkan cedera di matakuliah",2022-12-26 08:14:43,negatif
Pengguna Google,1,"Notifikasi telat cuyy, eror Mulu ngerjain quiz jadi salah Mulu,notifikasi sulit eror elit🤨",2022-12-25 16:45:44,negatif
Pengguna Google,1,Notifikasi nya error,2022-12-23 09:55:23,negatif
Pengguna Google,2,notifnya telat,2022-12-23 09:42:04,negatif
Pengguna Google,1,"Apaan notifikasi tidak muncul, giliran udah lewat 1-2 hari baru spam notifikasi ganggu banget, bisa engga di buat jeda 1 tahun sekalian gitu?",2022-12-22 22:37:07,negatif
Pengguna Google,1,Notifikasinya tidak pernah muncul.. mohon diperbaiki ya developer🥲🙏,2022-12-22 15:39:11,negatif
Pengguna Google,2,Presensi di absen scan kode QR nya susah tiba tiba blur dan tidak fokus,2022-12-19 11:36:44,negatif
Pengguna Google,1,Kok malah aplikasi nya gak tampil di layar ya,2022-12-15 10:44:57,negatif
Pengguna Google,5,Excellent,2022-12-14 17:47:43,positif
Pengguna Google,4,Update yang sekarang lebih keren lebih simpel,2022-12-12 12:45:20,positif
Pengguna Google,2,"UInya berantakan, uxnya juga ribet",2022-12-09 21:51:45,negatif
Pengguna Google,1,Terlalu sering update payah,2022-12-09 10:30:01,negatif
Pengguna Google,5,"Aku suka tampilan beranda yang baru, di paling atas ada jadwal kuliah nya dan ada tenggat waktu mata pelajaran dimulai misal : 26 menit lagi (jam kuliah b.indo akan di mulai), jadi gak perlu cek manual di jadwal + mengira-ngira waktu, karena udah ada di beranda",2022-12-05 10:07:07,positif
Pengguna Google,4,"permisi mau tanya, itu peringkat kuis yang sekarang berdasarkan apa ya? kalau yg sebelumnya kan berdasarkan waktu. terimakasih kak.",2022-12-05 01:43:21,positif
Pengguna Google,2,Tolong tambahin fitur kirim tugas video dong masa iya gak ada kan nyusahin,2022-12-04 06:39:50,negatif
Pengguna Google,5,"""Uwow"" kata Panjul untuk edlink",2022-12-02 17:52:14,positif
Pengguna Google,1,"Tolong di bantu perbaikin sistem nya harus menyesuaikan dengan beberapa device meskipun versi lama (misal android 5) agar dapat menggunakan fitur kuis diaplikasinya, soalnya gak bisa menggunakan kuis di versi android 5 :V",2022-12-02 10:13:30,negatif
Pengguna Google,5,Aman,2022-11-30 23:18:32,positif
Pengguna Google,1,Mimpi buruk,2022-11-23 14:15:06,negatif
Pengguna Google,1,Tolong perbaiki masalah untuk saat melakukan scan barcode tetapi tidak kedetek,2022-11-23 08:48:30,negatif
Pengguna Google,1,"Ini kn setiap kami instal dan slesai ,stelah itu kembali lgi ketahap awal utk instal kembali . Mohon bantuanya !",2022-11-22 12:36:40,negatif
Pengguna Google,1,"Tiba"" kelas saya hilang",2022-11-16 10:12:35,negatif
Pengguna Google,1,"membingungkan anjir tampilannya, login mulu, banyak fitur gak guna + berita² mengganggu",2022-11-11 10:15:44,negatif
Pengguna Google,1,Aplikasi yang sangat menjengkelkan ketika verifikasi gak bisa bisa taik,2022-11-08 14:40:50,negatif
Pengguna Google,4,Sekarang udah banyak perbaikan semoga aja makin banyak perbaikan bugnya,2022-11-05 18:32:15,positif
Pengguna Google,1,"Sistem perkuliahan kacau, gak otomatis update, udah kayak robot",2022-11-05 08:45:48,negatif
Pengguna Google,1,"Bagaimana cara masuknya, loading terus, tidak bisa masuk ke aplikasinya? Mohon jawabannya",2022-11-05 05:58:10,negatif
Pengguna Google,5,M.rohid tampan dan pemberani,2022-11-04 15:58:38,positif
Pengguna Google,1,"Tampilan sekarang beranda nya ancur ga se simple yg dulu, setiap dosen memberikan materi harus buka di menu kelas , menghambat banget. Tolong kembalikan ke versi yang dulu beranda nya",2022-11-03 19:54:18,negatif
Pengguna Google,4,Saya tidak bisa masuk ke edlink tolong di bantu,2022-11-02 11:22:15,positif
Pengguna Google,5,Sangat membantu sekali dalam hal akademik,2022-10-29 21:44:29,positif
Pengguna Google,4,Maaf banget ini edlink suka susah nge upload tugas padahal mepet deadline tapi suka gabisa harus di upgrade giliran mau di upgrade da ga perlu di upgrade,2022-10-29 20:45:21,positif
Pengguna Google,1,Segala harus android 13 !!!,2022-10-27 17:01:51,negatif
Pengguna Google,1,"Tolong perbaiki fitur download filenya... kok susah download, notifikasi susah muncul.. kukira ga respon atau gimana, jadi pencet 2 atu 3x lagi dan ternyata notif downloadnya telat muncul.. alhasil file yang ke download jadi numpuk.. Terus kadang juga proses download gagal. Tolong fix ya min ;)",2022-10-27 09:12:25,negatif
Pengguna Google,4,Bang kok ga bisa beli hero baru?,2022-10-22 11:15:27,positif
Pengguna Google,5,Sangat puas,2022-10-22 07:29:54,positif
Pengguna Google,1,"Kenapa sih sehabis update mau masuk tapi gabisa"" di kode verifikasi akun, padahal udah sama tapi bilangnya VALIDATION DIGITS_BETWEEN mulu. Udah mau lewat deadline nggak bisa submit karna gabisa masuk.",2022-10-21 09:20:24,negatif
Pengguna Google,5,Jelek banget aplikasinya makanya sayah kasih 5 bintang,2022-10-18 20:16:55,positif
Pengguna Google,1,Saya tiap ada pelajaran online join zoom via Edlink😤😤Selalu gak bisa😤malah jadi kayak error kluar zoom mulu Tolong diperbaiki,2022-10-18 13:21:06,negatif
Pengguna Google,1,woi kelas gw ilang semua asu gimana mau ngumpulin tugas bgst,2022-10-18 10:00:47,negatif
Pengguna Google,2,Dosen gak masuk suruh absensi pakai edlink scane barcode tapi gak bisa 😭,2022-10-18 08:48:39,negatif
Pengguna Google,5,Baik,2022-10-15 06:54:08,positif
Pengguna Google,5,الحمد لله Mantap,2022-10-12 20:39:20,positif
Pengguna Google,5,"Kenapa akun ku tiba2 kluar, stelah masuk kembali ke akun kenapa semua data sya terhapus",2022-10-12 11:58:37,positif
Pengguna Google,1,"apk nya kalo lagi buru buru mau dibuka malah ga kebuka buka cuma loading doang lama , padahal wifi kenceng , ga jelas",2022-10-11 08:38:03,negatif
Pengguna Google,1,"Sangat buruk, untuk ganti pasword saja sulit, mepet deadline suka eror,",2022-10-08 21:10:21,negatif
Pengguna Google,4,Ok 👌 mantap 👍👍,2022-10-08 13:34:56,positif
Pengguna Google,1,Dowload mteri filenya rusak mulu,2022-10-08 12:07:54,negatif
Pengguna Google,2,Ini gmn yak saya mau login tetapi email yg saya masukkin sudah digunakan terus pdhl saya belum pernah masuk dgn email tersebut. Di web siakad sudah saya cantumkan sesuai email saya. Tolong dong gmnnnnn...,2022-10-08 07:41:04,negatif
Pengguna Google,2,kenapa tidak bisa di buka di hp saya?awalnya baik2 saja,2022-10-07 23:14:48,negatif
Pengguna Google,1,Masa cuma gua dong kaga bisa aplod tugas Sedangkan temen gua pada bisa aplod tugas Tolong di perbaikin lagih,2022-10-06 16:26:56,negatif
Pengguna Google,5,Wuiz bagus by fajar lazuardi,2022-10-06 12:00:07,positif
Pengguna Google,4,Bagus semoga lebih baik lgi,2022-10-05 18:36:00,positif
Pengguna Google,2,"Pas buka materi gak bisa kebuka, tulisanya ""berkas sedang di unduh"" tapi gak ada berkas yang bisa di buka aneh banget",2022-10-05 14:21:27,negatif
Pengguna Google,1,Jelek banget ini aplikasi nyusahin orang aja,2022-10-03 06:37:31,negatif
Pengguna Google,1,Gbisa donlot,2022-10-02 20:13:09,negatif
Pengguna Google,1,Sevima kenapa yaa baru download langsung keluar lagi,2022-10-02 12:31:54,negatif
Pengguna Google,4,"Inpo Bantuan dong , edlink saya eror dan tak bIsa amasuk lagi ke akun saya",2022-10-01 23:17:57,positif
Pengguna Google,5,Good banget yaaa,2022-10-01 05:14:51,positif
Pengguna Google,1,"Masukin kode verifikasi gagal teru, Jadi bolos absen jadinya, mau sampai semester selesai?",2022-09-30 09:16:52,negatif
Pengguna Google,1,"setelah di update, opsi data akademik nya malah di hapus padhal sangat membantu",2022-09-28 09:11:51,negatif
Pengguna Google,5,"sayangilah orang lain seperti kita menyayangi diri sendiri. berkatalah yang benar meskipun itu pahit, siapa yang banyak menyebut sesuatu maka sungguh dia banyak menyebutnya. jangan berhenti berbuat baik walaupun sesulit apapun. jadilah diri sendiri. jangan bersedih kepada sesuatu hal yang tidak patut kau tangisi, berbagilah ilmu walu satu ayat, jangan pernah menghinakan orang lain, karena itu sangat menyakitkan bagi dirimu dan orang lain.. bertaqwalah kepada allah jangan pernah berhenti.. jaya",2022-09-27 17:12:51,positif
Pengguna Google,5,"gimana si edlink ini malah force close terus gabisa masuk, dari dulu gaada perbaikan bug",2022-09-25 18:46:06,positif
Pengguna Google,2,Setelah di-update tidak bisa melihat Akreditasi. Mohon agar menu ini dimunculkan kembali seperti versi sebelumnya. Terimakasih.,2022-09-25 12:30:14,negatif
Pengguna Google,5,Sangat membantu untuk mahasiswa,2022-09-25 09:12:06,positif
Pengguna Google,2,aplikasi sering buffering padahal koneksi internet lancar,2022-09-22 18:38:50,negatif
Pengguna Google,1,"Saya sedikit curhat, Waktu dikampus saya Ada absen pakai Code QR, cuman Pas saya arahin Kamera ke codenya malah Buram alias tidak bisa scan ,hal hasil saya sendiri Ga bisa absen Tolong Solusinya😭",2022-09-22 18:12:35,negatif
Pengguna Google,5,Saya mengikuti prosedur,2022-09-22 18:02:52,positif
Pengguna Google,1,"sangat buruk ,mending beralih buatan kampus sendiri malah di ganti ke pemerintah",2022-09-21 18:50:15,negatif
Pengguna Google,1,Versi baru kenapa selalu forcedown sendiri/keluar sendiri? Lebih ok versi lama,2022-09-21 18:41:16,negatif
Pengguna Google,5,Lumayan bagus,2022-09-20 19:23:08,positif
Pengguna Google,2,"Ini gimana ya saya tiap mau masuk ke aplikasi nya langsung kluar sndiri, sudah reinstall ato coba hapus data juga tetep, tlong bantuannya saya butuhh sekali",2022-09-18 17:21:36,negatif
Pengguna Google,1,Tidak bisa login stiap kali login edlink berhenti sendiri,2022-09-18 06:16:59,negatif
Pengguna Google,1,Ribet,2022-09-16 15:27:32,negatif
Pengguna Google,2,"Aplikasinya kenapa ya,setiap dibuka pasti langsung keluar lagi",2022-09-14 17:17:26,negatif
Pengguna Google,4,Saya membantu untuk aktif di kampus,2022-09-12 20:55:11,positif
Pengguna Google,1,Aplikasinya setelah di update tidak bisa lagi di buka,2022-09-12 06:46:37,negatif
Pengguna Google,2,"Ketika apk dah di login nin mengunakan Nim, sudah masuk terus bufring keluar dengan sendirinya",2022-09-11 18:38:26,negatif
Pengguna Google,1,"aplikasinya ga bisa dibuka, kuliah pun jadi keganggu",2022-09-11 09:48:45,negatif
Pengguna Google,1,Tidak bisa download pdf,2022-09-09 16:28:32,negatif
Pengguna Google,1,Buat scan barcode absen ga bisa sama sekali,2022-09-08 13:23:20,negatif
Pengguna Google,2,"Kok Edlink saya nggak bisa dibuka ya? Tiap saya masuk pasti keluar terus. Tolong solusinya dong, sayang klw ketinggalan perkuliahan kan!!",2022-09-08 11:29:16,negatif
Pengguna Google,5,Cepat dan mudah digunakan,2022-09-05 21:46:44,positif
Pengguna Google,4,Penggunaan yang baik untuk mahasiswa,2022-09-05 18:17:45,positif
Pengguna Google,5,Baguss,2022-09-05 08:11:53,positif
Pengguna Google,5,Sangat memuaskan,2022-08-29 18:51:54,positif
Pengguna Google,5,Aplikasi yang sangat bermanfaat untuk mahasiswa dan perkuliahannya.,2022-08-29 14:45:42,positif
Pengguna Google,1,Kenapa z tidak bisah install,2022-08-26 10:41:28,negatif
Pengguna Google,5,Edlink sangat membantu Dosen dan Mahasiswa dalam Proses Belajar Mengajar. Terima Kasih Edlink,2022-08-16 07:51:18,positif
Pengguna Google,5,Sangat membantu belajar online.,2022-08-13 17:53:05,positif
Pengguna Google,1,"Kualitas Aplikasi Sangat jelek, loading lama padahal jaringan wifi lancar, banyak bug, nilai dan beberapa fitur tidak muncul dan hanya loading, jelek",2022-08-05 20:40:15,negatif
Pengguna Google,4,Aplikasi sangat bagus untuk pantau informasi kuliah,2022-07-24 19:39:27,positif
Pengguna Google,5,Top banget,2022-07-24 16:15:20,positif
Pengguna Google,5,Knpa aplikasi edlink tdk bisa install?,2022-07-14 19:43:51,positif
Pengguna Google,5,Aplikasinya sangat bagus,2022-07-08 08:49:13,positif
Pengguna Google,1,"Semakin parah File PDF yang ingin saya kirim tidak muncul di edlink, padahal di aplikasi lain muncul. Saya habis waktu 15 menit hanya untuk mencari file yg jelas"" Namanya beda. Bahkan saya mencari lebih dari 10x hanya untuk mencari file saya. Tolong ditingkatkan jangan malah semakin menurun. Soalnya ini bersangkutan dengan nilai saya pak 😭",2022-07-05 12:05:42,negatif
Pengguna Google,2,"Kenapa ya,aku mau upload tugas dari tadi muter trus padahal penyimpanan gak penuh,wifi juga lancar... Kemarin2 juga lancar gak kenapa2",2022-06-28 22:10:07,negatif
Pengguna Google,4,"Oke udah lumayan, bintang 4 dulu yah. Nanti kalau memuaskan kasi bintang 5",2022-06-28 08:45:37,positif
Pengguna Google,5,🙏,2022-06-26 09:48:33,positif
Pengguna Google,5,"Tampilan keren, biar makin mudah dalam pelaksanaan tugas. Mantep sekali yah min..",2022-06-25 11:44:20,positif
Pengguna Google,5,Aplikasi Edlink ini sangat membantu aku banget dalam urusan belajar lewat online 🥰🥰🥰🥰,2022-06-25 11:20:36,positif
Pengguna Google,1,Sering Ngebug,2022-06-24 23:21:59,negatif
Pengguna Google,5,aplikasinya bagus banget banyak fitur-fitur yang dimiliki namun satu saja yaitu terkait penyimpanan tugas yang susah aja.,2022-06-24 04:20:35,positif
Pengguna Google,5,"Keren nich app nya, samasekali ga berat, mudah dipahami dan yg terpenting sangat membantu saya terimakasih EdLink",2022-06-24 00:36:01,positif
Pengguna Google,5,"pke edlink, belajar jadi lebih mudah dan menyenangkan. semoga fitur2nya bisa lebih banyak lagi",2022-06-23 22:33:17,positif
Pengguna Google,5,"Perkuliahan daring jadi mudah dengan aplikasi ini , fitur fitur nya sangat mendukung banget , proses belajar lebih efektif dan teratur.",2022-06-23 22:17:11,positif
Pengguna Google,5,Aplikasinya sangat bagus..membantu banget untuk Saya dan dosen Saya berinteraksi secara online,2022-06-23 21:30:43,positif
Pengguna Google,5,"edlink sangat bagus, aplikasi yg bisa diandalkan untuk yg mau belajar di rumah. banyak fitur yg sangat dibutuhkan utk belajar. mantap",2022-06-23 21:25:02,positif
Pengguna Google,5,"Sekarang belajar apapun jadi makin mudah , apalagi ada nya aplikasi Edlink !!!""",2022-06-23 21:22:52,positif
Pengguna Google,5,Aplikasi untuk belajar online yang bagus dan recommended. Aplikasi mudah si gunakan dan di pahami. Sangat membantu dalam kegiatan belajar seperti diskusi kelas dan video conference kelas. Bisa digunakan kapanpun dan di manapun. Mantap banget.,2022-06-23 21:14:11,positif
Pengguna Google,5,"Berbagai informasi materi perkuliahan atau pelajaran yang membantu mahasiswa dan dosen membuat tugas dengan lebih mudah dengan fitur yang menarik diantaranya membuat forum diskusi, pemberian tugas, live conference yang semuanya dilakukan secara online.",2022-06-23 21:11:47,positif
Pengguna Google,5,"aplikasi yang sangat membantu sekali dalam proses belajar online maupun dirumah ,rekomendasi sekali",2022-06-23 21:11:42,positif
Pengguna Google,5,Aplikasi nya lancar saat digunakan. Fitur lengkap dan tampilan nya bersih dan bagus. Recommended 👍,2022-06-23 21:11:33,positif
Pengguna Google,5,"Belajar lebih mudah dengan aplikasi edlink ini, bisa belajar dimana saja",2022-06-23 21:08:12,positif
Pengguna Google,5,Aplikasi yang sangat membantu sekali untuk belajar secara onlain atau ngerjain tugas dan kirim tugas fitur yang mudah di fahami recomended banget apk y,2022-06-23 21:06:28,positif
Pengguna Google,5,"Penggunaan nya mudah , sangat membantu, mohon ditingkat kan ya, khususnya untuk kapasitas penyimpanan supaya lebih oke lagi",2022-06-23 21:04:41,positif
Pengguna Google,5,"aplikasinya bagus, mempermudah kinerja guru dan dosen dalam proses pembelajaran online. tampilannya juga menarik sehingga tidak membosan kan",2022-06-23 21:02:53,positif
Pengguna Google,5,"Aplikasinya bagus dan keren,mudah dipahami,bisa buat kerja tugas, recommended",2022-06-23 21:00:16,positif
Pengguna Google,5,"aplikasi EdLink,aplikasi nyaa bagus banget rekomendasi banget buat menambah nambah ilmu pelajaran,dijamin asal kan kita mau belajar di aplikasi ini,dijamin bakal ngertii sampai paham,pokoknya the best",2022-06-23 21:00:13,positif
Pengguna Google,5,"Aplikasinya mudah dimengerti, jarang troble, mudah dipahami",2022-06-23 20:59:21,positif
Pengguna Google,5,Alhamdulillah masih setia dengan aplikasi ini,2022-06-23 20:58:05,positif
Pengguna Google,5,"hmm sangat membantu sekali apk ini,karna mempermudah menghapus file"" yg sudah tidak terpakai",2022-06-23 20:57:46,positif
Pengguna Google,5,"Gampang bgt dipakenya, apalg saya masih kulon apk ini beneran ngebantu disediain jadwal kuliah jd gk pernah ketinggalan",2022-06-23 20:57:15,positif
Pengguna Google,5,"Belajar via online jadi mudah pakai aplikasi ini, sangat membantu pokoknya recommended",2022-06-23 19:39:49,positif
Pengguna Google,5,"Applikasi Sangat mudah digunakan dan dijalankan,sangat membantu dalam urusan perkuliahan saya. Teman juga sudah banyak yang pakai applikasi ini",2022-06-23 19:19:15,positif
Pengguna Google,5,"Keren aplikasinya, kuliah jadi tambah gampang bisa kapan dan dimana aja",2022-06-23 18:36:59,positif
Pengguna Google,5,"EdLing sangat membantu sekali dalam perkuliahan apalagi masa sekarang untuk interaksi secara online.aplikasinya mudah untuk di fahami fiturnya juga cukup menarik, tapi kadang suka ada error' waktu mau masuk aplknya, semoga kedepannya dapat lebih di perbaiki ka untuk kenyamanan penggunanya,terima kasih..",2022-06-23 18:16:54,positif
Pengguna Google,5,"Sangat menyukainya Untuk Aplikasi Ini, karena ini sangat tepat digunakan dalam Berbagai Macam Hal Salah Satunya Untuk Diwaktu Kuliah Aplikasi Ini Sangat Berguna. Sukses terus EdLink",2022-06-23 18:05:17,positif
Pengguna Google,5,"Aplikasinya sangat memudahkan dalam pembelajaran online, penggunaannya juga mudah dipahami.",2022-06-23 18:03:04,positif
Pengguna Google,5,"Berbagi informasi, data,media dll menjadi lebih mudah,sedikit masalah di login agak lama,selebihnya ok..",2022-06-23 18:01:42,positif
Pengguna Google,5,"Awalnya difikir g membantu..ternyata sangat mempermudah dalam mengumpulkan tugas2 kuliah ..,moga dengan makin banyak fitur banyak manfaatnya juga..",2022-06-23 18:01:39,positif
Pengguna Google,5,EdLink ini membantu saya sekali dalam sistem pembelajaran online selama pemakaian jangka panjang overall puad pake EdLink,2022-06-23 18:01:17,positif
Pengguna Google,5,"Aplikasi nya bermanfaat bnget ini sihh, kalian wajib cobain aplikasi ini",2022-06-23 17:58:47,positif
Pengguna Google,5,"Aplikasinya bagus nih sangat membantu dalam pembelajaran online, mudah lg digunakan.",2022-06-23 17:58:23,positif
Pengguna Google,5,"Sangat rekomended skali nih bagi anak skolah,kuliahan sekalipun dosen soal nya bisa nyimpen materi gk ribet hrus bawa2 buku atau poto copy an",2022-06-23 17:57:37,positif
Pengguna Google,5,Saya kasih bintang 5 untuk aplikasi Edlink karena sudah bagus dan mudah di gunakan,2022-06-23 17:56:49,positif
Pengguna Google,5,"Saya sangat menyukai aplikasi ini karena aplikasi edlink ini sangat membantu, dengan aplikasi ini saya bisa Berbagi informasi, materi perkuliahan , dan menjadikan tugas lebih mudah.",2022-06-23 17:56:40,positif
Pengguna Google,5,Wah bagus banget kak aplikasi nya mbantu aku dalam menyelesaikan soal wawancara ujian tesis,2022-06-23 17:55:35,positif
Pengguna Google,5,Sangat membantu untuk sistem pembelajaran masa sekarng ..,2022-06-23 17:55:08,positif
Pengguna Google,5,"Aplikasinya bagus dan membantu banget buat belajar online, apalagi masi waktu pandemi",2022-06-23 17:54:32,positif
Pengguna Google,5,Dengan aplikasi EdLink berbagi informasi dengan teman2 dan tugas dalam kelas jadi mudah.,2022-06-23 16:56:55,positif
Pengguna Google,5,"Aplikasinya semakin bagus,terus ditingkatkan ya ,,",2022-06-23 15:24:04,positif
Pengguna Google,5,"Kreen, kita bisa blajar dari mana saja dan kapan saja... Ada fitur kumpulin tugas juga, jadi bisa evaluasi hasil belajar nnti",2022-06-23 15:23:31,positif
Pengguna Google,5,"Aplikasinya ok...sangat membantu anak dalam belajar, fiturnya lengkap, terimakasih EdLink..",2022-06-23 15:12:01,positif
Pengguna Google,5,menurut aq ini aplikasi yang bagus dan juga bermanfaat banget yah ....karna ini sangat membantu dan memudahkan saya saat blajar online,2022-06-23 15:02:19,positif
Pengguna Google,5,Aplikasinya bagus sekali.untuk sistim penyimpanan tugasnya lebih ditingkatkan lagi kak.agar penyimpanan tidak mudah full .terimakasih,2022-06-23 15:00:12,positif
Pengguna Google,5,Recommended banget.... terimakasih Edlink,2022-06-23 14:58:02,positif
Pengguna Google,5,"Aplikasi yg sangat bermanfaat , selamat mencoba teman2",2022-06-23 14:57:51,positif
Pengguna Google,5,Wah aplikasi yang sangat bermanfaat sekali.oya saya sarankan untuk penyimpanan opsional harus di tambahin.recomented pokoknya,2022-06-23 14:57:28,positif
Pengguna Google,5,"Mantab ..bintang 5 , recomended aplikasi untuk kegiatan belajar mengajar secara online ...semoga terus dikembangkan menjadi lebih baik lagi",2022-06-23 12:46:12,positif
Pengguna Google,5,Rekomen banget nih sangat membantu saya dalam belajar materi pelajaran perkuliahan sukses selalu buat aplikasinya,2022-06-23 12:32:21,positif
Pengguna Google,5,Sangat membantu saya dalam menyelesaikan skripsi banyak sekali materi kuliah di sini,2022-06-23 12:27:13,positif
Pengguna Google,5,"Aplikasinya sangat membantu banget buat pelajar kaya aku. Jadi gk perlu bingung"" lagi kalau ada pelajaran kelompok.",2022-06-23 12:13:58,positif
Pengguna Google,5,Aplikasinya sangat bermanfaat dan sangat mudah digunakan. Fitur2nya juga lengkap. Terima kasih EdLink.,2022-06-23 12:01:43,positif
Pengguna Google,5,Aplikasi edlink membantu para siswa dlm hal pembelajaran dlm forum berupa info dan materi jg bs di dpt dr aplikasi ini.keren sih,2022-06-23 12:01:31,positif
Pengguna Google,5,"Bagus aplikasinya, sangat membantu sekali untuk cek dan ricek pengumpulan tugas. Tampilannya eye catching dan cara kerja sistemnya juga mudah dimengerti. Good 👍",2022-06-23 12:00:44,positif
Pengguna Google,5,Wow mantap setelah unduh apk EdLink saya sangat puas dan menyenangkan diskusi lancar dan video conference tidak ada halangan mantul pertahankan,2022-06-23 11:59:00,positif
Pengguna Google,5,Aplikasi EdLink so far so good menurut saya. Tinggal perbesar bagian panyimpanannya biar lebih enak lagi.,2022-06-23 11:57:18,positif
Pengguna Google,5,"Bagus aplikasinya, mudah digunakan fiturnya juga banyak jadi lebih mempermudah penggunanya",2022-06-23 11:55:58,positif
Pengguna Google,5,"Untuk kegiatan belajar online pakai aplikasi Edlink saya akui sih bagus,dan untuk menghapus file nya pun juga mudah.Oh iya satu lagi yaitu tampilan aplikasi nya fresh!",2022-06-23 11:55:54,positif
Pengguna Google,1,"Aplikasi rusak, harus update kalau mau masuk apk ini gak jelas",2022-06-21 09:00:58,negatif
Pengguna Google,5,Tolong untuk penghapusan file dipermudah. Untuk menghapus file sulit sekali karena ada peringatan tidak bisa dihapus meski sudah pakai banyak tutorial menghapus tetap tidak bisa. Sedangkan penyimpanan tidak banyak dan cepat penuh. Terimakasih.,2022-06-20 10:51:46,positif
Pengguna Google,2,Sesuai pengalaman saya ya cuma segitu,2022-06-20 07:02:11,negatif
Pengguna Google,2,Ko ngga bisa masuk ya? mentok di logo,2022-06-19 14:02:11,negatif
Pengguna Google,5,Memudahkan mahasiswa mengirim tugas...👍,2022-06-19 13:29:24,positif
Pengguna Google,1,"Data mudah penuh, gabisa diperbarui untuk penambahan data, data yang lama juga gabisa di hapus. Tidak muncul notifikasi juga",2022-06-18 23:25:38,negatif
Pengguna Google,1,"Maaf sebelumnya nihh, tolong dong buat edlink diperbaiki lagi sistemnya, kalo mau ngirim tugas dll suka lemot padahal koneksi jaringan stabil. Terimakasih 🙏",2022-06-16 14:57:18,negatif
Pengguna Google,1,Apk nya kurang masa belum masuk kan aku siakad eh tulisan nya akun berasil ditambah kan gimna sih padahal belum masukan akun,2022-06-13 16:08:58,negatif
Pengguna Google,1,Kecewa sih sama api ini!!!! setelah d upgrade emang sih ada beberapa fitur yang makin bagus tapi dalam pengunduhan dokumen itu jadi ribet GK bisa d simpen lama dan tersimpennya d unduhan. Kesel banget pokoknya,2022-06-10 23:16:42,negatif
Pengguna Google,1,"Kasih masuk dengan opsi link lah astaga dan share link lah, app gaje. Yg buat sape dah",2022-06-09 11:55:30,negatif
Pengguna Google,2,"Kenapa saat mendownload tugas dari edlink tidak bisa,, sehingga saya susah melihat tugas yg diberikan dosen,, mohon untuk ditingkatkan lagi🙏",2022-06-08 11:44:13,negatif
Pengguna Google,5,The best 👍🏻,2022-06-06 13:10:59,positif
Pengguna Google,1,Kenapa penyimpana buat kirim tugas nya tiba tiba penuh?,2022-06-05 13:34:43,negatif
Pengguna Google,5,"Kalau mau update apk tuh harus nya tau waktu, jangan pas lagi waktu perkuliahan",2022-06-04 19:48:37,positif
Pengguna Google,5,"Kak, aku habis update version terbaru tapi malah nggak bisa log in ke akun ku, keterangannya akun punya aku udah log in di device lain. Padahal di hp sama laptop nggak log in. Tolong banget ya kak dibantu. Terimakasih",2022-06-02 19:22:19,positif
Pengguna Google,5,Ini kok susah di donwload yah kenapaa??,2022-06-01 13:20:32,positif
Pengguna Google,5,Memuaskan,2022-05-26 23:54:04,positif
Pengguna Google,1,Banyak bug,2022-05-24 16:59:25,negatif
Pengguna Google,5,Nice,2022-05-23 20:56:31,positif
Pengguna Google,2,"Gabisa menghapus file lama, kecewa.",2022-05-21 21:06:37,negatif
Pengguna Google,1,"Masa aplikasi gak bisa di rotate, mau buka lewat web disuruh lewat aplikasi.",2022-05-20 07:17:05,negatif
Pengguna Google,5,Baik di gunakan.,2022-05-19 12:42:09,positif
Pengguna Google,5,Mantul,2022-05-18 16:50:38,positif
Pengguna Google,5,"Wah sangat bagus dan menyenangkan saya jadi tambah pintar, haha",2022-05-12 07:52:52,positif
Pengguna Google,2,Kurang baik kalau sudah diperbarui versinya masih lelet lemot tolong perbaiki sistemnya saat ngezoom online tidak bisa terhubung,2022-05-11 08:58:20,negatif
Pengguna Google,2,"Endlink Gak bisa di buka selalu loading padahal udah di update sama di instal ulang tapi tetap aja mau masuk selalu loading ,, mohon di perbaharui lagi🙏🙏",2022-05-10 08:51:20,negatif
Pengguna Google,2,"Kurang efisien digunakan, terlalu sering login akun dan cukup ribet. Serta fitur kurang membantu karna terlalu berbelit2. Aplikasinya juga kurang bagus, terkadang untuk login akun tidak bisa seakan-akan selalu ada masalah dengan akun kita. Padahal klo di web tetap bisa dibuka, memakan waktu jika hendak digunakan. Saran Beri kemudahn login kepada pengguna, karna hal ini cukup brpengaruh. Beberapa dosen saya pakai apk ini, dan tidak sedikit mahasiswa yg kesulitan untuk login akun.",2022-05-09 20:14:02,negatif
Pengguna Google,5,"Ka , tugas atau materi saya tidak bisa dibuka padahal sebelumnya bisa dibuka",2022-05-09 19:34:39,positif
Pengguna Google,5,Bgus membantu,2022-05-09 14:56:57,positif
Pengguna Google,2,"Tolong dong edlink, masa aku mau buka kelas gk bisa cmn gara"" hp versi 6 dan yg bisa akses hp versi 9.0 keatas gk adil bgt",2022-05-09 12:16:26,negatif
Pengguna Google,1,"loading nya lama, padahal sinyal bagus, kuota masih banyak jg, loading lama banget",2022-05-08 15:29:45,negatif
Pengguna Google,1,Loading lama banget padahl sinyal bagus kuota banyak eh tanya ke teman2 katanya sama. Kenapa sih ini edlink Harus download ulang trs biar gak loading,2022-05-03 05:07:27,negatif
Pengguna Google,5,aplikasi sangat bagus,2022-04-29 07:00:08,positif
Pengguna Google,5,kak aplikasi sya di suruh diperbarui apakah aharus di perbarui kak dan nanti apakah datanya tidak hilang kak mohon penjelasannya dan apakah kita bisa masuk kelas nya lagi kak soalnya saya lihat ada yang gk bisa masuk kelas kak saoalanya sekarang saya ad tugas kak saya mau apload tugas kak,2022-04-27 20:59:42,positif
Pengguna Google,1,"Akan terus turun ratingmu jika begini, TIDAK BISA DIPAKAI, login keluar trs",2022-04-27 19:00:08,negatif
Pengguna Google,5,The Best👍💯👍💯👍💯👍💯👍💯,2022-04-27 13:54:48,positif
Pengguna Google,5,Mantap membantu perkuliahan dimasa pandemi,2022-04-26 16:53:03,positif
Pengguna Google,5,Semoga performanya bisa lebih ditingkatkan lagi yaa,2022-04-26 01:15:44,positif
Pengguna Google,5,"Tingkatkan lagi untuk aplikasinya, menjadi yang terbaik lagi, dan kenapa kalau di update kok lama mutar nya kenapa ini, tolong diperbaiki lagi sistem nya",2022-04-25 16:19:10,positif
Pengguna Google,5,"Aplikasinya bagus Kak❤️🙏🏻 hanya saja sedikit saran mohon pada sistem penyimpanan tugas semuanya di bersihkan dulu Kak🙏🏻karena saat ini saya terkendala mengumpulkan tugas pada kelas kuliah saya karena penyimpan nya Full,, 🙏🏻 terima kasih",2022-04-25 10:30:17,positif
Pengguna Google,5,Terimakasih telah memberi apk EdLink 5 bintang,2022-04-24 12:32:06,positif
Pengguna Google,1,">.<:0 h HH,hawcz .v Zee z aku wzs saat",2022-04-19 15:47:43,negatif
Pengguna Google,2,Urgent min...kenapa pemberitahuan/room tugas pada edlink saya tidak muncul ya???,2022-04-19 13:20:56,negatif
Pengguna Google,4,Min Kenapa jadwal dosen selalu ga muncul??,2022-04-18 09:01:16,positif
Pengguna Google,5,mantap jiwa... terima kasih sevima....(2019) Sy update review nya... Edlink masih tetap msh mangtap jiwa (2022) Msh relevan dan sangat membantu... Eror eror dikit masih wajar.,2022-04-10 19:42:13,positif
Pengguna Google,5,Kenapa kak kok saya gak bisa dwonlod data,2022-04-07 13:33:03,positif
Pengguna Google,1,"Terima kasih karena sudah menciptakan aplikasi yang tidak berguna, karena apk ini presensi dipersulit, dan pengerjaan kuis tiba-tiba error",2022-04-06 14:12:57,negatif
Pengguna Google,1,"Jelek error mulu, untung aplikasi, kalo manusia udah di smackdown.",2022-04-06 14:11:21,negatif
Pengguna Google,1,temen-temen saya pake ini pada eror. tapi saya enggak 🙂. TAPI TEMEN TEMEN SAYA EROR 😡,2022-04-06 14:03:20,negatif
Pengguna Google,1,Server down mulu,2022-04-06 14:02:18,negatif
Pengguna Google,1,"Sering terjadi gangguan, sehingga kurang efektif dalam kegiatan belajar mengajar. Sangat tidak ramah bintang 1",2022-03-30 16:07:18,negatif
Pengguna Google,5,Bagaimana kalau penyimpanan tugas Full sedangkan masih banyak tugas yang ingin di kumpulkan dan saat ingin menghapus tugas semester yang lalu Mala tidak bisa di hapus. Mohon direspon ya,2022-03-30 12:22:12,positif
Pengguna Google,2,Notif ngebug sering banget Kadang upload tugas malah ngestuck gajelas,2022-03-28 18:26:31,negatif
Pengguna Google,1,"gajelas kelas saya ga langsung muncul di beranda, kebanyakan bacaan yg ga jelas bukan mengutamakan kelas yg muncul di beranda",2022-03-28 08:21:28,negatif
Pengguna Google,1,Update terus terusan,2022-03-23 21:21:11,negatif
Pengguna Google,2,Edlink selalu berhenti sendiri dan keluar aplikasi,2022-03-21 06:26:36,negatif
Pengguna Google,2,"Kenapa ya, kalo saya buka edlink selalu ga support dan keluar dengan sendirinya.. Tolong diperbaiki kedepannya saya susah kalo mau belajar selalu keluar dari edlink terus........",2022-03-18 19:05:12,negatif
Pengguna Google,4,"Kak izin mau tanya kenapa ya edlink tetep gak bisa log in padahal user id sama kata sandi nya udah bener udah dicoba berulang kali tetep gak bisa dan udah diupdate, mohon kak bantuannya terimakasih 🙏🏻",2022-03-17 18:03:46,positif
Pengguna Google,1,Terima kasih edlink gara gara apk ini nilai saya bermasalah dan di cap pembohong edlink memang aplikasi belajar yang sangat tdk berguna terima kasih..🙏🏻,2022-03-17 09:04:41,negatif
Pengguna Google,5,"Tolong format nya di dukung kenapa Zip rar dll gak bisa di kirim padahal dosennya nyuruh kirim itu"")",2022-03-16 15:06:09,positif
Pengguna Google,1,"Ini kenapa edlink macet, kalo mau liat apa yang di kirim dosen yg terbaru harus melewati notif kalo lewat kelas gk muncul, pdhl biasanya muncul tpi abis di upgrad kyk nggk ad kelas yg baru cmn yg lama, kn jadi susah, ribet banget jadi nyesel upgrad nyaa",2022-03-05 22:56:18,negatif
Pengguna Google,1,Entah kenapa selalu error,2022-03-04 22:37:49,negatif
Pengguna Google,1,"Tidak mudah untuk digunakan, terlalu bercampur antara kelas dengan berita atau iklan dari edlink sendiri yang tidak jelas",2022-03-01 16:33:52,negatif
Pengguna Google,1,aneh². Males bgt,2022-03-01 10:12:20,negatif
Pengguna Google,5,Membantu perkuliahan,2022-02-27 17:25:06,positif
Pengguna Google,4,Selamat siang min Kenapa di edlink saya tidak bisa unduh materi ya? Mohon di bantu Terimakasih 🙏,2022-02-24 11:27:25,positif
Pengguna Google,1,"Kak, knapa gk bisa log in.? Katanya username dan password salah, pdahal udah benar yg dimasukin.. melalui link dan buka di crhome bisa. Tetapi di aplikasi ini gak bisa",2022-02-24 09:25:16,negatif
Pengguna Google,5,Bagus untuk product online,2022-02-18 22:04:24,positif
Pengguna Google,1,"Susah di download masa udah berkali kali download kurang dikit lama bener aku abis itu coba buat download aplikasi yang lainnya bisa tuh, hmm ngabisin data orang lagi buru buru juga ada kuliah",2022-02-15 23:56:41,negatif
Pengguna Google,5,mantap bagus,2022-01-25 14:59:22,positif
Pengguna Google,5,"thank you lemonilo sudah jadiin nct dream BAnya, love lemonilo!! 💚💚💚",2022-01-25 13:58:07,positif
Pengguna Google,2,"Kak ini urgent bnget, knapa setiap ada kuis jwabannya gk bisa dipilih trus waktunya udh habis otomatis kan gk bisa milih jwaban klo waktunya hbis pdahal blum jawab apa². Akun edlink aku yg bermasalah atau gimana kak, klo iya gmana cara mmperbaikinya. Tolong sarannya kak, cuman karena gara-gara kuis nilai eror :( Bsok aku ada uas kak trus kuis gmana klo edlink aku eror dan gak bisa ngerjain soal",2022-01-25 08:52:38,negatif
Pengguna Google,1,"tolong perbaiki aplikasi ini,jaringan udah stabil tapi kenapa selalu eror saya jadi telat mengisi kuis ujian dikarenakan pilihan tidak bisa dijawab karena loading padahl jaringan saya sudah stabil",2022-01-25 08:47:00,negatif
Pengguna Google,2,Ed link skrg kurang optimal di banding sebelum update,2022-01-23 22:23:17,negatif
Pengguna Google,1,"Gra2 apk nih..nilai sering nol,uh cape bljrr",2022-01-10 10:18:34,negatif
Pengguna Google,5,File tidak bisa diunduh,2022-01-10 09:16:38,positif
Pengguna Google,1,"Ini aplikasinya ngebug atau bagaimana sih? Saya aploud tugas sebesar 200kb kok di edlink jadi 19gb? Saya jadi tidak bisa mengumpulkan tugas lagi, tolong jawabannya",2022-01-09 22:27:56,negatif
Pengguna Google,1,Aplikasi kountol tenan suog,2022-01-08 10:10:54,negatif
Pengguna Google,4,Apakah apps ini support untuk device dengan harmony os yg tdk didukung GMS?,2022-01-06 13:16:16,positif
Pengguna Google,5,Hayyy saya jg ikut nyumbang bintang deh..,2022-01-05 08:28:07,positif
Pengguna Google,1,jelek app nya,2021-12-22 13:15:29,negatif
Pengguna Google,1,"Sangat tidak bagus, lambat loading, bikin emosi. Mohon diperbaiki",2021-12-22 11:25:24,negatif
Pengguna Google,2,Dear admin...ini kenapa ya saya buka edlink buffering terus ..mohon pencerahaan nya min,2021-12-18 20:20:35,negatif
Pengguna Google,1,"Mas mba operator, edlink saya kenapa gabisa save file kepenyimpanan hp, terus filenya gabusa dibuka juga, padahal sudah di izinkan dipengaturan hp nya, tapi tetap gabisa juga, tolong sarannya susah bgt gini mau buka file materi kuliah 😭😭😭",2021-12-17 12:52:51,negatif
Pengguna Google,2,"Min ini kenapa yah setiap buka edlink durasi login lama banget, padahal jaringan bagus-bagus aja. Tolong di perbaiki yah min, soalnya bisa ngaruh sama tugas dan kehadiran di kampus.",2021-12-16 11:51:22,negatif
Pengguna Google,1,Penyimpanan penuh dan gak bisa hapus sangat mengecewakan saja,2021-12-14 21:37:14,negatif
Pengguna Google,1,"gausa aneh aneh yaa, KEMBALIKAN EDLINK SEPERTI SEDIA KALA 😭🙏",2021-12-14 12:37:37,negatif
Pengguna Google,1,Jelek,2021-12-11 11:44:46,negatif
Pengguna Google,4,Kenapa di edlink saya tidak bisa buka file materi ya?,2021-12-08 08:10:55,positif
Pengguna Google,1,Kntl gk bisa di buka,2021-12-05 08:16:12,negatif
Pengguna Google,2,"Kak..ini kenapa pada saya mengikuti Quis pada soal Pilihan Ganda(PG), itu saya tidak bisa tekan huruf obsen(A,B,C,D)...itu kenapa bisa terjadi model bgitu kak? Sampai saya mendapatkan nilai 0 😭😔 Tolong kasi solusinya bagaimana kak?😭😭🙏",2021-12-05 05:26:39,negatif
Pengguna Google,1,Pisahin lah tugas sama berita yang gak jelas,2021-11-30 11:09:43,negatif
Pengguna Google,2,"Ribet, punten 🙏",2021-11-29 20:34:25,negatif
Pengguna Google,1,Kalo mau ndownload file susah bgt. Sering trobel juga,2021-11-29 19:31:09,negatif
Pengguna Google,1,"Format zip rar tidak mendukung, sedangkan dosen minta file format rar zip",2021-11-29 13:29:29,negatif
Pengguna Google,4,Kasih bintang 4 dlu yaa soalnya edlink ku malah lalau ndk bsa unduh materi,2021-11-29 10:48:30,positif
Pengguna Google,1,"Hai admin kenapa saya login lewat google tiba"" apknya FC padahal saya pake android keluaran terbaru mohon penjelasannya ya",2021-11-26 20:31:07,negatif
Pengguna Google,2,Tolong kok tugas file saya yang udah hilang semua. Ini bagaimana ya cara mengembalikannya🙏🏻😭,2021-11-26 16:23:33,negatif
Pengguna Google,1,"Dokumen tidak bisa dibuka melalui aplikasinya, jadi membukanya harus lewat file dulu baru bisa, padahal sebelum update bisa dibuka melalui aplikasinya langsung Mohon diperbaiki bug nya",2021-11-24 11:13:24,negatif
Pengguna Google,2,"Kok saya ga bisa absen, setelah scan QR malah ngefreeze dan ga muncul konfirmasi hadir kelas. Jadi saya ga terhitung hadir.",2021-11-24 07:58:33,negatif
Pengguna Google,1,"Udah download file tpi gak bisa2 di buka,bikin susah sekarang",2021-11-23 18:45:13,negatif
Pengguna Google,1,"Dear developer yang terhormat, tolong postingan dosen yang terbaru di letak paling atas, masa postingan yang lama di paling atas dan yang terbaru di bawahnya, saya kira ga ada postingan lgi. Tolong lh di perbaiki, walaupun postingan yang lama komentarnya 1 jt triliun jgn lgi di naikin ke atas. Gimna mau nyaman make nya.",2021-11-23 13:44:11,negatif
Pengguna Google,2,Gak bisa scan qr absen,2021-11-20 09:41:18,negatif
Pengguna Google,5,Membantu,2021-11-19 07:06:13,positif
Pengguna Google,1,"Jelek bgt tiba2 keluar udh d update juga terus masa data tidak d temukan,tpi d web bisa 👎",2021-11-17 09:20:45,negatif
Pengguna Google,1,Biar bintang yng bicara,2021-11-16 06:38:08,negatif
Pengguna Google,4,Udh lumayan bgt lah,2021-11-16 00:31:05,positif
Pengguna Google,2,"Sudah membuat sekali apk ini tapi sayang nya, tiap kali di up masalah yg timbul malah aneh aneh. Ini kenapa file yang di kirim dosen tidak bisa di buka padahal sudah selesai terundo. Sekian dan terimakasih",2021-11-15 17:54:12,negatif
Pengguna Google,1,JELEK BANGET. Masa tiap klik kelas akademik tbtb keluar sendiri terus. Udah berapa minggu kek gini percuma banget download dihp tapi gabisa kepake,2021-11-14 23:18:03,negatif
Pengguna Google,2,Lho kok luama bangat duonloadnya aku dah pake wife,2021-11-13 08:11:52,negatif
Pengguna Google,1,Kenapa edlink selalu update terus sih. Banyak sekali erornya. Gak bagus aplikasi ini.,2021-11-12 15:37:44,negatif
Pengguna Google,1,Hallo . Kenapah sih saya gak bisa posting ke informasi selalu muncur gangguan jarian,2021-11-12 10:59:50,negatif
Pengguna Google,1,Akhir ini edlink terhenti mulu😏,2021-11-12 08:59:31,negatif
Pengguna Google,2,Tolonglah perbaiki jangan lelet trus..dikit2 harus upgrade trs,2021-11-11 10:32:19,negatif
Pengguna Google,2,Tolong aplikasi nya di update lagi.. Bagi pengguna smartphone kami tidak bisa melihat unduhan materi yg dikirmkan dosen karena tidak tersimpan di aplikasi nya. ini menjadi kesulitan kami dalam belajar maksimal dan efisien.,2021-11-10 22:29:13,negatif
Pengguna Google,1,"Tolong diperbaiki dong, jadi gak bisa liat file yg telah di dwnld setelah di perbarui",2021-11-10 17:51:51,negatif
Pengguna Google,1,Kak ini kenapa ya kalo saya mau ngunduh file pdf atau word yang diberikan dosen gabisa ya malah disuruh cek lagi,2021-11-10 12:40:58,negatif
Pengguna Google,1,Terlalu ribet,2021-11-10 12:08:18,negatif
Pengguna Google,1,"Najis lemot banget servernya, makin d upgrade malah makin gk enak",2021-11-10 10:35:44,negatif
Pengguna Google,5,Menjadilah,2021-11-09 16:18:45,positif
Pengguna Google,5,"Sangat sedih karena saya harus mengulang kembali mengirimkan tugas pada dosen pasalnya tiba-tiba filenya hilang saat saya kembali login... Untuk kedepannya saya harap tidak ada masalah lagi, terimakasih",2021-11-09 09:39:40,positif
Pengguna Google,1,"keseringan update bukannya makin bagus malah makin rusak apknya, keluar sendiri trus ladang suka eror harus akses lewat web klo mau buka edlink🔪",2021-11-09 06:44:14,negatif
Pengguna Google,5,Oke sekali 😂,2021-11-08 10:35:52,positif
Pengguna Google,5,Kuliah online jadi mudah,2021-11-08 02:32:48,positif
Pengguna Google,1,Saya selalu mahasiswa merasa kecewa sekli dengan aplikasi ini sdh brpa kali aku login untuk masuk untuk megerjakan tugas tpi ngak bisa login di pake akun siakad kampus ttp ngak jadi pake akun email ngak jadi jug🤔🤔🙄😏,2021-11-04 12:06:21,negatif
Pengguna Google,4,Good..sangat membantu dlm tugas,2021-11-03 14:27:29,positif
Pengguna Google,5,👏👏👏👏👏👏👏👏👍👍👍👍👍👍,2021-11-02 17:27:54,positif
Pengguna Google,5,Joob,2021-11-02 05:51:09,positif
Pengguna Google,1,Susah mengirim tugas padahal sudah ada di file document tapi pas buka edlink gak adaa,2021-11-01 09:15:01,negatif
Pengguna Google,4,Cukup membantu dalam proses pembelajaran daring,2021-10-30 19:14:17,positif
Pengguna Google,1,Android versi 10 tidak bisa melihat file di berkas,2021-10-29 21:01:10,negatif
Pengguna Google,1,"Gara"" edlink anjlok nilai ku njir",2021-10-29 13:29:39,negatif
Pengguna Google,2,Edlink nih Ose knp kuis kuis su pake waktu baru maso eror eror ini Ose bgmna,2021-10-29 12:30:14,negatif
Pengguna Google,2,Gk danta,2021-10-28 06:17:58,negatif
Pengguna Google,1,Tolong dong,2021-10-27 19:29:20,negatif
Pengguna Google,1,"Mengecewakan, tidak bisa unduh materi",2021-10-27 17:48:42,negatif
Pengguna Google,2,Maaf untuk android 11 masih ada bug tidak bisa upload file,2021-10-27 13:37:42,negatif
Pengguna Google,1,"Semakin update, edlink malah semakin lelet, dari buka aplikasi sering gangguan, terus buka kelas lambat banget, download sama upload file sering gangguan dan error",2021-10-27 13:29:46,negatif
Pengguna Google,1,"Mohon segera diperbaiki admin untuk software nya, karena menyakut tugas"" materi diberikan kepada mahasiswa, kalau eror gini gimana untuk pembelajaran nnyaa...",2021-10-27 00:02:25,negatif
Pengguna Google,1,"Tolong ini edlink makin ada update makin tidak jelas, file yg dikirim dosen selalu tidak bisa terbuka dan kenapa file setiap mau dibuka harus download ulang dan sering tidak tersimpan. Tolong diperbaiki ini karena sangat menyusahkan perkuliahan kami",2021-10-26 08:21:20,negatif
Pengguna Google,1,Data nya malah hilang setelah di-update,2021-10-26 08:06:55,negatif
Pengguna Google,1,"Apk ribet upload tugas gak ketemu padahal jelas2 ada di folder gak jelas banget,terus update juga perlu ruang sangat besar apk cacat,ribet, ukuran besar pula ngga banget pokoknya.",2021-10-24 20:36:45,negatif
Pengguna Google,1,"Gara"" Nie aplikasi suka alpha aku kalo kuliah padahal aku hadir",2021-10-23 10:49:12,negatif
Pengguna Google,5,Sangat bagus kinerja aplikasi ini❤️ Saya sangat suka,2021-10-23 06:33:25,positif
Pengguna Google,1,Tidak dapat sign up,2021-10-23 00:11:02,negatif
Pengguna Google,1,Aplikasi gajelas makin di update makin gk bisa digunain,2021-10-21 20:56:19,negatif
Pengguna Google,5,"Kemarin update udah 3 kali masih kurang bagus aplikasinya, pas update ke 4 kalinya, baru baguss aplikasinya 😊",2021-10-21 11:46:12,positif
Pengguna Google,4,"Hallo Hallo, Kenapa saya baru Update ini Apk, File yang pernah saya download menghilang semua ya?? Kejadian ini juga di alami beberapa teman saya juga. Edit: Mau tidak mau saya download ulang, untungnya file yang di uplod masih bisa di download lg.",2021-10-21 07:27:25,positif
Pengguna Google,5,"Kok update terus ya ,, klaw gini terus bisa² eror",2021-10-21 00:13:54,positif
Pengguna Google,1,"Lag, uploud file lama kali, storage sikit (pelit bet), makin rusak ni app",2021-10-20 16:19:05,negatif
Pengguna Google,1,Setelah di update aplikasinya error trus susah kirim tugas juga 😭,2021-10-20 11:56:16,negatif
Pengguna Google,5,Bagus si,2021-10-20 09:34:03,positif
Pengguna Google,1,Lelet banget,2021-10-19 19:14:21,negatif
Pengguna Google,1,Kenapa edlink saya tidak bisa memutar video yang di berikan oleh dosen saya. Setiap saya klik ada kesalahan dalam pemutar video. Padahal dosen saya mengirim perkuliahan lewat video.,2021-10-19 15:37:36,negatif
Pengguna Google,1,Kalau ada notifikasi pasti selalu nge-vibrate. Itu gimana matiinnya ya? Makan tuh bintang 1.,2021-10-19 13:48:26,negatif
Pengguna Google,5,manatap,2021-10-19 06:41:59,positif
Pengguna Google,1,Knapa g bisa di download ya,2021-10-19 00:22:36,negatif
Pengguna Google,5,Sanggat baik,2021-10-18 17:25:10,positif
Pengguna Google,1,Selalu error,2021-10-18 17:11:13,negatif
Pengguna Google,1,Yg versi lama bisa upload tugas file pdf.. Di versi yang sekarang kok file nya ga ad yah??? Ga kebaca gitu,2021-10-18 11:38:52,negatif
Pengguna Google,5,"Mempermudah PJJ serta mengefektifkan pengawasan terhadap keaktifan para mahasiswa, terimakasih EdLink",2021-10-18 08:57:18,positif
Pengguna Google,1,"Aplikasi kurang membantu, updead teruss sehingga membuat hp error dan tidak kondusif",2021-10-17 23:11:09,negatif
Pengguna Google,1,"Saya update udah 3 hari, tapi ga bisa terus. Di coba berulang ulang tapi tetep ga bisa. Tolong dong jangan mempersulit orang. Jadi kan kita jugak bisa ikut kelas karna ga bisa buka edlink nya",2021-10-17 17:06:45,negatif
Pengguna Google,5,Ikuti data sesuai,2021-10-17 11:58:33,positif
Pengguna Google,1,Sudah ngirim tugas 4hari sebelum tenggat waktu pas diliat lagi waktu saat tenggat waktunya abis file nya gk ada gk kekirim file nya alhasil saya gk dapet nilai...... mantap edlink aplikasi terbaik,2021-10-17 08:28:57,negatif
Pengguna Google,1,Tugas tidak masuk pasal adlink eror mulu.. Gak kuat ambil jaringan kali ya,2021-10-16 14:57:37,negatif
Pengguna Google,1,"Nilai anjlok, keseringan down nih😬",2021-10-16 12:39:05,negatif
Pengguna Google,1,Edlinknya rusak,2021-10-16 11:08:10,negatif
Pengguna Google,2,Terlalu cepat siklus pembaruan,2021-10-16 10:38:03,negatif
Pengguna Google,1,Ini aplikasi kerasukan. Pas buka kelas malah kluar sndri. Bangke kali,2021-10-16 09:01:36,negatif
Pengguna Google,5,Bnyk tugas hmzzz,2021-10-15 23:23:11,positif
Pengguna Google,1,Aku ganteng sangat,2021-10-15 22:48:39,negatif
Pengguna Google,5,Makasih min udah di benerin bug nya. Nih tak kasih bintang 5 semoga performa dan kelancarannya di pertahankan bahkan kalau bisai tingkatin lagi. semoga juga menjadi aplikasi yang bisa di andalkan di segala kondisi,2021-10-15 21:30:36,positif
Pengguna Google,5,Oke banget,2021-10-15 20:37:54,positif
Pengguna Google,1,"Blm bbrpa hri updte eh udah d sruh updte untuk pmbruan baru lagi klo gak d updte gakbsa kebuka dongg, gini amat apknyaa",2021-10-15 20:33:50,negatif
Pengguna Google,5,Sangat bermanfaat,2021-10-15 20:22:03,positif
Pengguna Google,4,Oke bat dah,2021-10-15 20:11:59,positif
Pengguna Google,1,"Kenapa aplikasi nya tidak mau dibuka padahal sangat penting untuk perkuliahan saya, tolong perbaiki",2021-10-15 19:12:02,negatif
Pengguna Google,5,Sangat bangus,2021-10-15 18:36:54,positif
Pengguna Google,1,Kenapa edlink nya tidak mau terdowndlod,2021-10-15 17:36:44,negatif
Pengguna Google,1,"Selalu ada pembaruan, namun bukannya bagus malah gtulah gk ngertii. Gk bisa putar vidio, file yang sudah di download tidak adaaa. Mending edlink yang dulu baguss",2021-10-15 17:30:57,negatif
Pengguna Google,4,B aja,2021-10-15 16:51:58,positif
Pengguna Google,1,Mohon maaf mohon solusinya gimana cara sambukn akun jampus di edlink tpi nama kampusnya tidak muncul,2021-10-15 16:22:48,negatif
Pengguna Google,1,BAGUS,2021-10-15 16:13:23,negatif
Pengguna Google,5,Cakep,2021-10-15 12:16:56,positif
Pengguna Google,1,Menyenangkan bisa sangat membantu,2021-10-15 12:08:34,negatif
Pengguna Google,1,"Kek mana sih edlink, diperbarui malah gak bisa2, habis itu aplikasi nya dinhapus lalu di download lagi pun. Enggak bisa2",2021-10-15 11:54:00,negatif
Pengguna Google,1,"Kalo lgi ngrjain quiz terus sinyal ny jelek, jawaban ga msuk jdi nilai quizz kecil. Knp ga msuk saya udh cape2 mikir jwban ga msuk!",2021-10-15 11:36:34,negatif
Pengguna Google,1,"Beberapa kali update tetap saja banyak eror sistem, baik aplikasi maupun web nya kacau",2021-10-15 11:32:21,negatif
Pengguna Google,2,Lumayan mendukung,2021-10-15 11:25:50,negatif
Pengguna Google,5,Mantab,2021-10-15 10:29:45,positif
Pengguna Google,1,"Halo aplikasi anda bikin sangat lh mengecewakan,saya update ke versi terbaru tiba² error,gimana mau maju pendidikan indonesia ini saat pandemi, sedangkan aplikasi buatan Indonesia aja buruk dan tidak bagus",2021-10-15 10:24:22,negatif
Pengguna Google,1,Gus..,2021-10-15 09:15:10,negatif
Pengguna Google,1,"Tidak bisa mengunduh materi, tidak bisa di update, mohon di perbaiki 🙏",2021-10-15 09:10:24,negatif
Pengguna Google,1,"Mohon sarannya, kenapa edlinknya tidak bisa di buka",2021-10-15 08:36:42,negatif
Pengguna Google,1,"Setiap hari harus di perbaharui terus ,,,, terus gk bisa upload file lagi,,,",2021-10-15 08:32:09,negatif
Pengguna Google,5,Bgus lancar d efektiv,2021-10-15 08:25:47,positif
Pengguna Google,2,"Mohon Agar Developer apk nya lebih perhatian ke apklikasi nya,ini emang sistem pengaturan cuma ada 2 saja kah atau gimana,Sering""lah perbaik bug 😐",2021-10-15 08:12:33,negatif
Pengguna Google,5,Bagus sekali.,2021-10-15 08:04:30,positif
Pengguna Google,5,Bagus apak nya,2021-10-15 07:52:09,positif
Pengguna Google,5,Apk ini sangat bagus,2021-10-15 06:58:02,positif
Pengguna Google,5,Amazing,2021-10-15 06:42:44,positif
Pengguna Google,5,Sangat bgus,2021-10-15 06:23:30,positif
Pengguna Google,4,Sangat baik sekali,2021-10-15 01:53:30,positif
Pengguna Google,5,Baikk,2021-10-14 23:53:22,positif
Pengguna Google,1,Terlalu banyak update tapi ferporma jelek,2021-10-14 23:35:51,negatif
Pengguna Google,2,Terlalu sering update,2021-10-14 18:45:03,negatif
Pengguna Google,5,Yah,2021-10-14 16:39:37,positif
Pengguna Google,1,Semenjak di upgrade jadi makin susah dan selalu minta diUpgrade terus menerus 👎,2021-10-14 15:26:21,negatif
Pengguna Google,5,Suka,2021-10-14 13:40:17,positif
Pengguna Google,2,makin di update makin lemot,2021-10-14 12:12:49,negatif
Pengguna Google,1,"Update mulu garing, mana sering nge down, kadang banyak error.. Ayo lah lebih baik lagi.",2021-10-14 11:09:01,negatif
Pengguna Google,5,"Aplikasi ini sangat membantu saya tapi saya binggung awalnya ini bisa untuk mengirim file tapi setelah saya update gak bisa lagi ngirim file,gimana ya",2021-10-14 10:23:30,positif
Pengguna Google,1,"Pas diupdate mo ngumpulin tugas malah ga kesampean ke dosennya. Pas liat di edlink tugasnya dikirim pas beres dedline padahal ngirim tugasnya 3 hari sebelum dedline, sinyal ga ada masalah juga",2021-10-14 08:45:28,negatif
Pengguna Google,1,Kebanyakan update bagus kagak,2021-10-14 07:13:27,negatif
Pengguna Google,1,Kuliah ribet kntl,2021-10-14 07:09:37,negatif
Pengguna Google,1,"Tolong lah , di buat versi lama aja , susah mengirim tugas file nya gak bisa di unduh , selalu lelet kalo buka edlink setelah di instal ke versi baru , versi lama udah bagus kali menurut ku , jan di ganti"" lah tolong",2021-10-13 22:33:14,negatif
Pengguna Google,5,Semenjak ada aplikasi ini dosen lebih aktif memberikan tugas Terimakasih edlin🥰🥰🥰🥰,2021-10-13 21:45:55,positif
Pengguna Google,1,File buat uplod ke edlink ga bisa dibuka sangat kecewa dan harus mengganggu nilai kecewa sekali,2021-10-13 16:16:08,negatif
Pengguna Google,1,Setelah update jadi ga jelas,2021-10-13 13:25:54,negatif
Pengguna Google,1,"Kenapa update terus yah apk nya ? Padahal baru kemaren di update , sekarang udah update lagi",2021-10-13 08:34:29,negatif
Pengguna Google,1,"kok semenjak update,kok gak bisa kirim tugas sih?hapus file di edlink aja gakbisa!!tolong nih di benahi lagi!!",2021-10-13 07:12:52,negatif
Pengguna Google,2,"Saya ketinggalan tugas kuliah Gara-gara edlink tidak bisa menemukan file pdf saya sudah berkonsultasi ke dosen tapi edlink dosen nya tidak kenapa"", Update kali ini edlink sudah bisa digunakan untuk mendownload materi sebelum nya tidak bisa. MOHON SEGERA DIPERBAIKI",2021-10-12 23:04:19,negatif
Pengguna Google,1,kenapa tidak bisa upload file min. dan tidak kebaca semua file di saya,2021-10-12 22:45:36,negatif
Pengguna Google,1,Meresahkan,2021-10-12 21:00:35,negatif
Pengguna Google,1,Serba susah semua nya tiba tiba aplikasi nya lagg ngirim tugas jadi telatt Dah lah,2021-10-12 20:26:11,negatif
Pengguna Google,1,Ini setelah update kenapa jadi tidak bisa kirim file ya? File yang ada tidak bisa di submit. Tolong segera diperbaiki ini sangat menghambat,2021-10-12 17:01:30,negatif
Pengguna Google,1,Knp aplikasinya tidak bisa membaca file documen,2021-10-12 13:45:09,negatif
Pengguna Google,2,"Ini kenapa setelah didownload malah jadi tidak ada di file sih. Login pake akun siakad juga gak masuk2, jangan bikin negthink dong",2021-10-12 12:37:12,negatif
Pengguna Google,1,"Setelah di update,kinerja apknya malah menurun👎",2021-10-12 09:50:51,negatif
Pengguna Google,1,Pas update makin rusak,2021-10-12 05:22:23,negatif
Pengguna Google,2,"Barusan udah update, eh malah pas mau ngirim tugas gk bisa, gk kebaca atau gk ditemukan gitu file nya, gmna sih iniiii malah bntar lagi deadline takut terus gini",2021-10-11 22:17:44,negatif
Pengguna Google,5,Lelet,2021-10-11 20:40:22,positif
Pengguna Google,5,Di bagian otomotip selaluh ikut aturan Dan suka membantu sesama,2021-10-11 16:40:01,positif
Pengguna Google,1,Sering error,2021-10-11 16:07:14,negatif
Pengguna Google,5,"Halo mimin, boleh tanya. Kenapa begitu selesai update aplikasi forum kelasnya tidak muncul , padahal di Edlink web nyata2 ada. Udah saya log out ulang, juga install ulang masih tidak berhasil. Bagaimana ini?",2021-10-11 15:46:31,positif
Pengguna Google,1,"Banyak bugnya, filenya banyak yang nggak kebaca",2021-10-11 12:55:06,negatif
Pengguna Google,1,"Setelah saya update edlink ke versi terbaru, saya tidak bisa mendownload materi. Saya sudah mengikuti cara yang diberitahu admim yaitu menghapus data aplikasi edlink tapi tetap tidak bisa. Mohon dijawab karena ini penting untuk perkuliahan saya.",2021-10-11 09:39:15,negatif
Pengguna Google,1,"Setelah di update malah makin kacau. Buka materi yg isinya video youtube ga bisa, buka materi yg bentuknya pdf keterangannya di hp gada aplikasi yg bisa buka padahal udh di download dri sblum di perbarui,cuma mau buka aja ga bisa padahal di hp ada beberapa aplikasi bawaan buat buka file pdf",2021-10-11 08:40:16,negatif
Pengguna Google,1,"Habis pembaruan, edlink tidak bisa baca file di hp jadi ga bisa upload file",2021-10-10 23:19:43,negatif
Pengguna Google,1,"Kenapa tidak bisa kirim file tugas ya min, file yang ada di media library juga tidak bisa dihapus, file yang ada di dokumen ponsel juga tidak muncul, gimana bisa up min kalo gini??? Mohon dibenarkan ya min apknya, terimakasih",2021-10-10 15:53:49,negatif
Pengguna Google,1,"Kenapaa setelah di-update tidak bisa untuk mengunduh file,mengirim file? Mohon bantuannya",2021-10-10 11:40:46,negatif
Pengguna Google,1,semenjak update saya gk bisa upload tugas,2021-10-10 11:20:22,negatif
Pengguna Google,1,"Tolong ini edlink saya knp tdk bisa buka file apapun selalu mengatakan anda tidak memiliki aplikasi apapun untuk membuka file ini silahkan cari di play store, udah banyak pasang aplikasi file smang tetap bisa itu gimana ini klo ada file penting🥺, klo sistem itu baik baru aku ganti bintangnya",2021-10-10 05:02:59,negatif
Pengguna Google,2,"Mohon maaf, kenapa di saya matakuliah akademiknya kosong ya. Saya jadi gk bisa ngirim tugas 🙏",2021-10-09 15:59:19,negatif
Pengguna Google,5,"Halo min. Mau bertanya ini kenapa ya edlink saya tidak bisa buat mengunduh file. Ada pemberitahuan sudah terunduh tapi saya cek tidak ada unduhan. Sebelumnya ada peringatan perbarui edlink, setelah saya perbarui jadi gak bisa buat ngunduh. Mohon bantuannya min🙏",2021-10-09 13:36:01,positif
Pengguna Google,2,"Untuk update terbaru knp pas mau unduh materi dan soal tugas ada bacaan download perangkat yg bisa membaca pdf dll, sedangkan saya sudah ada WPS yg bisa membaca pdf dll. Saya juga sudah mencoba apk lain dapat membaca pdf dll tpi ttp tidak mau ter unduh.",2021-10-09 11:04:47,negatif
Pengguna Google,1,Ini knp si min . Udh di instal ulang di copot di pasang lagi tapi gk bisa download materi astaga,2021-10-09 11:04:18,negatif
Pengguna Google,2,"Min, kenapa ini saya tidak bisa ngirim tugas bentuk file?",2021-10-09 10:44:58,negatif
Pengguna Google,1,"Setelah diperbarui kenapa gabisa buat ngirim tugas sih, tugas ga kekirim kirim help me",2021-10-09 08:17:30,negatif
Pengguna Google,2,Gak bisa nambah file rar zip psd ai server suka down,2021-10-08 14:27:47,negatif
Pengguna Google,5,Memudshkan pelajaran,2021-10-08 07:36:23,positif
Pengguna Google,2,"suka bingung kalo di laptop berkas hasil downloadan nya pergi kemana? di cari cari kga ada ada, ada yg bisa langsung minta save, tpi kebanyakan bacaannya doang terunduh tpi berkasnya gatau kemana",2021-10-07 14:11:45,negatif
Pengguna Google,5,Mantap aplikasi nya,2021-10-06 19:55:35,positif
Pengguna Google,4,di perbaharui terus. memori full😪,2021-10-05 22:36:14,positif
Pengguna Google,1,Admin kenapa saya tidak masuk dalam daftar anggota saya padahal tugas banyak disitu dan forum2 nya juga tidak muncul dalam kelas admin gimana ini saya kena imbasnya sama dosen,2021-10-04 23:55:52,negatif
Pengguna Google,1,payah ngerjain kuis dileptop gabisa diklik mana ngejar deadline,2021-10-03 21:20:39,negatif
Pengguna Google,5,Terimakasih,2021-09-30 22:12:08,positif
Pengguna Google,2,Mengapa file PDF nya tidak mau di unduh dan tidak bisa di buka mohon bantuannya min soalnya itu materi pnting dari dosen?,2021-09-30 12:36:33,negatif
Pengguna Google,1,Tidak bisa mengganti foto profil,2021-09-29 10:42:50,negatif
Pengguna Google,2,Mohon maaf kok tidak bisa di download yah,2021-09-28 10:21:00,negatif
Pengguna Google,2,"Tolong untuk edlink web nya diperbaikin dong, sekarang di edlink web kita tidak masuk kelas akademik, dan juga mengumpulkan tugas",2021-09-28 07:33:49,negatif
Pengguna Google,1,Tdk mau di updete,2021-09-28 05:18:03,negatif
Pengguna Google,1,Aplikasi tidak jelas,2021-09-27 15:48:59,negatif
Pengguna Google,5,Sudah nyaman tapi loding,2021-09-27 08:14:14,positif
Pengguna Google,5,GOOD,2021-09-25 20:17:45,positif
Pengguna Google,1,Tidak mendapatkann kode verifikasi di email untuk mendaftar.,2021-09-25 09:20:34,negatif
Pengguna Google,5,This app is good,2021-09-24 22:23:03,positif
Pengguna Google,1,ngga bisa didwonload knpa ya,2021-09-24 20:21:40,negatif
Pengguna Google,1,Aplikasi rusak 👍🏻,2021-09-22 14:17:30,negatif
Pengguna Google,1,"Tolong perbaiki ya, mau buat akun kendala nya ada di kode verifikasi yang gak terkirim ke email. Terima kasih",2021-09-21 20:30:46,negatif
Pengguna Google,1,"Kode verifikasi tidak masuk, sudah saya kirim beberap kali tetep aja. Susah untuk daftar. Sudah beberapa email yang saya pakai tetep saja sulit",2021-09-21 20:22:35,negatif
Pengguna Google,1,Kok punya saya bahas Inggris ya..tolong perbaiki mas/mbak,2021-09-21 11:44:41,negatif
Pengguna Google,5,Bagus semangat ya mengembangkan aplikasi nya semoga semakin baik baik dan kaya 😆😆😆,2021-09-21 07:36:00,positif
Pengguna Google,5,"Penyimpanan opsional terlalu dikit, semoga kedepannya bisa di tingkatkan lagi,untuk UI tampilan sudah bagus dan mudah di pahami,tapi masih ada problem error² ketika membuka aplikasi ini , Semoga kedepannya penyimpanan dan masalah error' di fix Terimakasih",2021-09-20 08:06:52,positif
Pengguna Google,4,Bagus dan terus tingkatkan agar lebih baik,2021-09-16 23:41:19,positif
Pengguna Google,5,855y km,2021-09-15 14:55:06,positif
Pengguna Google,2,Kok Edlink gak bisa scroll kebawah mau liat nilai dan dan lain2nya🤔,2021-09-14 08:45:01,negatif
Pengguna Google,4,Ed link,2021-09-13 14:42:20,positif
Pengguna Google,2,Kenapa saya tidak bisa buka ediling web maupun edling aplikasi koneksi saya aja stapil di situ keretangan nya mohon priksa koneksi ada kurang stabil,2021-09-13 08:45:45,negatif
Pengguna Google,4,Min kenapa ini apknya ngelag2 ya ?,2021-09-13 08:45:45,positif
Pengguna Google,2,Kok ga bisa masuk. Stuck di logo doang,2021-09-13 08:27:55,negatif
Pengguna Google,2,"Mohon kpda Edlink, Tolong saya Di Tanggapi, Kenapa saya tidak bisa ganti nama user (profil) setelah saya simpan tidak bisa diterapkan malah muncul notifikasi ( vaildation.digits.beteen ) ad solusinya atau gimana?",2021-09-11 09:19:46,negatif
Pengguna Google,2,pengen tau,2021-09-11 09:06:23,negatif
Pengguna Google,2,Knp akun edlink saya menggunakan akun siakad tidak bisa masuk,2021-09-10 14:59:37,negatif
Pengguna Google,5,Sangat membantu apk in,2021-09-09 05:57:54,positif
Pengguna Google,5,"Kenapaa gk bisa di download apk nya ya,,",2021-09-06 21:15:44,positif
Pengguna Google,5,"Min , tutorial hapus akun edlink bagaimana ya ? Soalnya saya sudah ada akun tetap & ingin mentautkan akun ini . Tolong di jawab min trims",2021-09-04 20:36:30,positif
Pengguna Google,1,"Gak bisa absen qr sementara teman"" yang lainnya bisa.",2021-09-03 13:27:26,negatif
Pengguna Google,2,Lumyan,2021-09-02 06:49:28,negatif
Pengguna Google,1,"Apa edlink menggunakan firebase? Jika tidak, database apa yang digunakan edlink? Bintang 5 setelah ada jawaban pasti.",2021-09-01 12:22:59,negatif
Pengguna Google,1,"Ini aplikasi nya gk sinkron sama yang di web,tolong dibenerin lagi",2021-08-31 08:54:47,negatif
Pengguna Google,1,"Maaf aplikasi EdLink menurut saya tidak recomended untuk proses pembelajaran, karena suka error dan finally, dosen kembali menggunakan G.Classroom juga",2021-08-30 13:37:53,negatif
Pengguna Google,1,Bug,2021-08-28 09:06:57,negatif
Pengguna Google,1,Kenapa kak edlink nya tidak bisa di buka sebenarnya saya sudah mendownloadnya tapi tidak tetap tidak bisa dibuka jadi harus bagaimana lagi gak kak cara membuka edlink ini.,2021-08-27 19:27:35,negatif
Pengguna Google,4,Membantu dan memudahkan proses pembelajaran,2021-08-27 11:42:40,positif
Pengguna Google,2,Baru liat ulasan org orang aja dah males buat download 😭 Diperbaiki lagi sistemnya biar enak dipake☺️🙏,2021-08-24 12:31:14,negatif
Pengguna Google,5,GOOOOOOOOOOOOOOOOOOD,2021-08-23 08:25:12,positif
Pengguna Google,4,"Kenapa ya saya gabisa buka edlink, minta di update eh pas udh di update malah balik lg kya awal gabisa dibuka",2021-08-20 18:53:43,positif
Pengguna Google,5,Aplikasinya sangat membantu,2021-08-19 18:44:52,positif
Pengguna Google,5,Terbaik,2021-08-19 09:04:39,positif
Pengguna Google,4,"Halo, selamat siang,aku mau nanya kenapa ya edlink nya nggak bisa diperbarui ulang🙏☺️",2021-08-18 12:29:55,positif
Pengguna Google,4,Kurang mendukung butuh Perbaiki lgai Makasihhhh,2021-08-03 19:02:45,positif
Pengguna Google,1,Kenapa Apk ga bisa di download kk,2021-08-03 14:01:10,negatif
Pengguna Google,2,"Kenapa ya tidak ada tugasnya padahal guru sudah kirim tugas? Notif tugas dri kelas nya ada tapi pas dibuka tidak bisa, blank halaman kosong saja. Sudah uninstall trus login lagi tetap gaada, gimana ya?",2021-08-02 16:46:45,negatif
Pengguna Google,1,Minta d perbarui mulu,2021-07-29 19:46:21,negatif
Pengguna Google,4,"Terlalu sering eror, gangguan, sama terlalu sering harus di apdet",2021-07-28 18:41:13,positif
Pengguna Google,5,Aplikasinya mudah dipakai dan dipahami tidak ribet,2021-07-27 00:19:53,positif
Pengguna Google,5,"Aplikasi ini cocok baget untuk kuliah online terus aplikasinya juga garibet makenya, intinya bagus :)",2021-07-22 20:46:29,positif
Pengguna Google,5,"💪💪💪💪 Bang minta solusinya, ko saya mau update tapi tdak jadi",2021-07-22 14:37:09,positif
Pengguna Google,5,Perfect,2021-07-22 07:18:47,positif
Pengguna Google,2,Mau update tapi kok gagal terus?,2021-07-18 11:25:43,negatif
Pengguna Google,4,Oke.mantapp,2021-07-17 21:50:00,positif
Pengguna Google,4,Sangat cocok,2021-07-17 17:58:22,positif
Pengguna Google,2,Ini gimana edlinknya kok bisa instal ya Padahal semua aplikasi ku udah kehapus semua,2021-07-15 15:31:28,negatif
Pengguna Google,5,Ntap,2021-07-15 09:58:35,positif
Pengguna Google,5,Membantu pembelajaran saat pandemi,2021-07-14 10:37:17,positif
Pengguna Google,2,"Kak sya mau bertanya, bagaimana si cara nya menghapus file"" yg sdah dikumpulkan, krna penyimpanan edlink sya sudah full, sehingga tidak bisa mengumpulkan tugas lagi kak. Mohon solusinya kak. Mohon responya kk",2021-07-14 08:46:42,negatif
Pengguna Google,5,Edlink oke,2021-07-13 21:50:12,positif
Pengguna Google,5,Sukses,2021-07-13 18:46:12,positif
Pengguna Google,2,"Mau tanya admin, knpa lama skli ini terupdate dari kemaring sampai sekarang blum bisa masuk padahal jaringan disini sudah sgt baik.... Mohon penjelasan / Bantuan Admin dari sy berhubung saya gunakan Aplikasi ini dlm belajar online 🙏🙏🙏",2021-07-13 13:53:32,negatif
Pengguna Google,2,"Sebelumnya maaf, Kenapa edling udha di ubdate tapi tidak ada notifikasi, malahan edlinya lebih memburuk dari sebelumnya.. 🙏🙏🙏🙏",2021-07-13 06:13:33,negatif
Pengguna Google,2,Maaf ka udah aku update tapi terus terusan harus di update,2021-07-12 22:10:49,negatif
Pengguna Google,1,Mengapa edlink sevima ini gak bisa di download di Android ya ? Gimana caranya biar bisa di download ?,2021-07-12 19:10:29,negatif
Pengguna Google,2,"Kenapa saya download lagi gak bisa,, tolong donk kak soalnya msih buat kuliah",2021-07-09 13:17:05,negatif
Pengguna Google,1,"Setelah update malah memburuk, gk ada notifikasi masuk ke hp sama sekali. Tolong perbaiki",2021-07-06 19:33:04,negatif
Pengguna Google,5,Sangat membantu dan baik sekali,2021-07-06 17:31:21,positif
Pengguna Google,1,"Izin download file tidak bisa, peeizinan tidak bisa di rubah",2021-07-03 19:54:53,negatif
Pengguna Google,1,Min kok jadi gini,2021-07-01 08:53:21,negatif
Pengguna Google,2,ERROR TEROSSSSSS,2021-06-28 10:44:54,negatif
Pengguna Google,5,"Ka saya mau kirim file dokumen , tapi dokumennya gk bsa di ketemukan itu kenapa ya ? Padahal di dokumen whatsap dokumen lainya udh tersimpan ...",2021-06-26 17:47:28,positif
Pengguna Google,1,Mohon maaf KK kenapa saya tidak bisa meng apded edlink apakah jaringan atau sistem TDK baik mohon bantuannya 🙏🙏🙏,2021-06-21 17:40:03,negatif
Pengguna Google,5,top,2021-06-14 20:45:17,positif
Pengguna Google,4,"Mohon maaf kepada admin. Kenapa edlinknya error sedari tadi, apa sedang dalam perbaikan untuk update? Tapi, di mohon sebelum jam 8 sudah tidak error lagi, jawaban-jawaban luar biasa untuk dosen dari saya menunggu di sampaikan untuk di baca. Terima kasih",2021-06-06 17:41:26,positif
Pengguna Google,1,"suka error,.. lelet",2021-06-05 12:44:58,negatif
Pengguna Google,1,Mohon perbaikan ny nilai saya ambruk. Karena soal2 yg muncul ke edlink. Sama semua ggk ada bedahnya. Setelah konfirmasi Jawab. Baru kembali membaik pertanyaannya. PHP 😭,2021-06-03 12:35:27,negatif
Pengguna Google,2,"Daring mulu pinter kaga gobl*k iya, Bayaran mulu sekolah kaga",2021-06-03 08:48:31,negatif
Pengguna Google,5,"K ada tugas di edlink, terus gurunya minta jawabannya dikirim tapi hanya link nya aja, jdi gimana cara ngirim link nya ? Harus ufload filenya dlu atau gmna, soalnya dari tadi biar dapet link nya gk tau dmna, please jawab, malam ini terakhir",2021-05-28 21:41:35,positif
Pengguna Google,5,Gak bisa di bukak,2021-05-27 17:17:16,positif
Pengguna Google,1,Gabisa di update Makin lama makin parah aja edlink ni,2021-05-25 20:19:40,negatif
Pengguna Google,5,"To kenp beberapa hari ini saya g bisa buka edlink,akhirnya saya ketinggalan dgn peljaran dan tugas kuliah.terimakasih",2021-05-25 15:01:16,positif
Pengguna Google,1,Eror Mulu,2021-05-22 12:25:13,negatif
Pengguna Google,1,Membosankan menunggu loading jelek sekarang,2021-05-18 19:37:00,negatif
Pengguna Google,5,Kenapa diupdate ga bisa?,2021-05-18 10:35:09,positif
Pengguna Google,5,Saya mohon tolong aktif kan apilikasi ini,2021-05-10 23:16:34,positif
Pengguna Google,5,Sangat baik untuk mengetahui Info kampus melalui siakad👍,2021-05-08 08:41:07,positif
Pengguna Google,5,Sangat baik yang kurangnya mohon di perbaiki,2021-05-08 04:16:57,positif
Pengguna Google,5,Menjadi platform PJJ terdepan👍😁,2021-05-06 15:34:29,positif
Pengguna Google,1,Kalo bisa gausah lah di upgrade2 .eror kali ntahapa pun . Abis aplikasi di hp ku loh semua kuhapus gara2 upgrade . Tolong lah yaa .jadikan sekali aja yang bagus gitu semua lengkap di applikasi ni biar gausah upgrade2 . Capek kali loh .belum lagi pas di buka loading,2021-05-06 10:59:41,negatif
Pengguna Google,2,Gajeb bgt min masak setiap mau buka diperbaharui terus males bgt liat apk nya klo bukan buat pendidikan udah uninstall dari dulu,2021-05-05 15:39:27,negatif
Pengguna Google,5,Semakin kurang baik dan Eror terus kadang bisa kadang enggak.pas dadline mepet eh EROR.,2021-05-05 12:42:40,positif
Pengguna Google,5,good and excellence,2021-05-04 19:20:44,positif
Pengguna Google,1,Kok lola ya tidak bisa di buka,2021-05-03 19:21:19,negatif
Pengguna Google,5,Menarik,2021-04-30 07:52:28,positif
Pengguna Google,1,Gabisa di instal,2021-04-29 16:30:13,negatif
Pengguna Google,1,Aplikasi nya jelek 🤧 susah masuk pdhal jaringan baguss 🤦,2021-04-29 08:14:59,negatif
Pengguna Google,1,Setelah update jadi eror,2021-04-28 14:21:30,negatif
Pengguna Google,4,"Belajar online denagn mudah. Namun kadang aplikasi edlink ada kendala, susah masuk ke aplikasi edlink",2021-04-28 13:17:57,positif
Pengguna Google,2,"Pembaruan terus ,tapi eror tetep",2021-04-27 10:29:08,negatif
Pengguna Google,1,"Apk nya sering bnget eror, dikit2 install lagi.. update lagi..🤦🏻‍♀️",2021-04-27 09:21:25,negatif
Pengguna Google,5,Sangat membantu sekalii,2021-04-27 06:45:03,positif
Pengguna Google,1,Eror trossssss ngak guna!!!,2021-04-27 04:52:53,negatif
Pengguna Google,5,Sungguh membantu,2021-04-26 20:29:38,positif
Pengguna Google,1,"update yg saat ini banyak gangguan,' semoga bisa cepat di perbaharui kmbali,,agar bisa lebih baik untuk di gunakan,",2021-04-26 07:13:55,negatif
Pengguna Google,5,Gooooodddd😘👍,2021-04-26 06:28:09,positif
Pengguna Google,5,Lain kali permudah sistem donwload untuk android sama. Bisa ngecek siapa yg udah ngumpulin via Android,2021-04-25 20:59:25,positif
Pengguna Google,5,Aplicasi bagus utk pembelajaran,2021-04-25 20:26:03,positif
Pengguna Google,1,"Aplikasi taik , sering tidak bisa di buka aplikasi ga guna 🙄",2021-04-25 20:04:10,negatif
Pengguna Google,1,Sekedar saran Jagan selalu update aplikasi yaa min karna ramx hp sudah penuh hehee,2021-04-25 15:25:51,negatif
Pengguna Google,5,Sangat membantu saya,2021-04-25 15:07:23,positif
Pengguna Google,4,"Sangat membantu. Kalau boleh saran, buatkan tampilan agar bisa menjawab komentar orang lain. Dan orang tersebut mendapat notifikasinya (Seperti Facebook). Terima kasih",2021-04-24 23:28:59,positif
Pengguna Google,2,Kadang susah masuknya . Perbaiki lebih baik lagi,2021-04-24 18:24:19,negatif
Pengguna Google,1,"Min kok makin lama edlink ini kok makin gak bagus ya, notifikasi pemberitahuan tidak pernah muncul, jari sampai sampai saya tertinggal kuliah. Mohon di perbaiki lagi ya",2021-04-24 07:56:24,negatif
Pengguna Google,4,Tanks verymuch. Is the best,2021-04-23 22:47:37,positif
Pengguna Google,5,Sering up date,2021-04-23 16:54:45,positif
Pengguna Google,5,Semakin ditingkat kn lagi.,2021-04-23 14:37:41,positif
Pengguna Google,5,good lah,2021-04-23 14:26:11,positif
Pengguna Google,1,"Suka error gabisa dibuka, loading mulu gabisa masuk jadinya saya suka tidak ikut kelas dan susah mengumpulkan tugas yg dikumpulkan di edlink. Sekarang sudah tidak ada notifikasi. Mohon diperbaiki segera, terimaksih",2021-04-23 12:59:19,negatif
Pengguna Google,2,"seringgg bermasalah, kepaksa pake krn kampus",2021-04-23 11:32:17,negatif
Pengguna Google,4,Bagus cuman agak lama menunggu,2021-04-23 09:55:16,positif
Pengguna Google,5,"Gara² aplikasi ini tidur saya tidak nyenyak, makan tidak enak, pikiran saya jadi pusing. Makasih lah buat yang udh buat aplikasi ini.",2021-04-23 09:27:03,positif
Pengguna Google,4,Sngat bagus,2021-04-23 09:07:28,positif
Pengguna Google,5,Edlink sangat membantu saya dalam proses belajar Dan juga banyak menginformasikan ilmu lewat hal -hal pendidikan yang dibagikan diedlink.,2021-04-23 09:02:09,positif
Pengguna Google,1,Tidak membuat mahasiswa lebih pintar,2021-04-23 08:48:07,negatif
Pengguna Google,5,Bagus banget,2021-04-23 08:27:10,positif
Pengguna Google,2,Video materi tidak bisa di lihat...bagaimana ini admin..?,2021-04-23 08:07:48,negatif
Pengguna Google,4,"Bagus sekali apknya ,cuma kadang suka eror tetapi harus di perbaharui lagi baru bagus lagi",2021-04-23 07:57:50,positif
Pengguna Google,5,Semoga mnjadi lebih baik lagi versinya,2021-04-23 07:56:11,positif
Pengguna Google,1,Edlink memang pualing topcer. 🤭👍,2021-04-23 07:50:51,negatif
Pengguna Google,1,Edlink baru minta update kok rada2 error' gak mau kebuka beranda nya..🤦,2021-04-23 06:18:43,negatif
Pengguna Google,5,Kuliah jadil lebih mudah.,2021-04-23 06:06:55,positif
Pengguna Google,5,bgus,2021-04-23 04:45:31,positif
Pengguna Google,1,Ada notif minta update. Klik lah update. Ga bs2. Akhirnya uninstal. Coba download lg. Eror ga bs dondload2. Sinyak bagus tpi ga bs download jg. Sinyal muter2 dr smlm. Udah coba direstrt hp ny ttp ga bs. Super bad jelek sejeelek2nya !!!!!!,2021-04-23 04:33:20,negatif
Pengguna Google,5,Aplikasi ini sangat bermanfaat dan membantu saya dalam proses kuliah. Love edlink,2021-04-23 02:41:36,positif
Pengguna Google,5,Good 100,2021-04-23 00:29:49,positif
Pengguna Google,5,Kerennn,2021-04-22 23:32:54,positif
Pengguna Google,5,Sangat bagus 🙏,2021-04-22 23:13:04,positif
Pengguna Google,5,Bagi sekqli,2021-04-22 09:43:49,positif
Pengguna Google,5,Sangat membantu dalam proses perkuliahan,2021-04-18 20:46:17,positif
Pengguna Google,1,Ini kenapa gak bisa buka tugas sama kolom komentar. Aku instal ulang juga lama progresnya. Kirain kuota ku tapi buka YouTube lancar lancar aja tolong dong ini urgent mau kuisss ni😭😭😭😭,2021-04-14 07:14:11,negatif
Pengguna Google,4,"Min tolong buat penyimpanan personalnya kan cuma 100 MB, tambahin kapasitasnya yaa, soalnya kalau upload tugas kadang gk bisaa, karena udah full penyimpanannya, kalau yg udah ke upload di hapus, nanti tugas yg dlunya dikirim malah hilang 😭",2021-04-14 03:14:30,positif
Pengguna Google,1,Baik.,2021-04-11 18:34:49,negatif
Pengguna Google,5,Mohon di bantu pinjaman nya,2021-04-11 00:49:44,positif
Pengguna Google,1,"User interface ribet, tidak bersahabat dengan pengguna. Dan tidak bisa mengunduh file materi",2021-04-08 16:46:21,negatif
Pengguna Google,5,Bermanfaatnya,2021-04-07 10:35:08,positif
Pengguna Google,4,terdapat kesalahan pada saat saya mau membuka coment pasti loadingnya lama dan setelah itu langsung saja kembali ke layar utama,2021-04-05 14:41:24,positif
Pengguna Google,1,"Nggak bisa di buka loading terus pada hal internet lancar, mau ngumpulin tugas kuliah nggak bisa, mohon di perbaiki",2021-04-05 13:02:12,negatif
Pengguna Google,5,Edlink sangat membantu selama perkuliahan online ..Terima Kasih edlink,2021-04-02 05:51:37,positif
Pengguna Google,1,Makin hari edlink makin rusak bahkan notifikasi tidak berfungsi sama sekali saya jadi lambat kuliah dan lambat mengumpulkan tugas Dikarenakan Notifikasi yang rusak,2021-04-01 09:11:52,negatif
Pengguna Google,5,Bagus buat belajar sendiri di rumah,2021-04-01 05:20:36,positif
Pengguna Google,5,Mantap luar biasa....tapi kadang2 susah pas aplod tugas,2021-03-29 21:19:58,positif
Pengguna Google,5,Mayan,2021-03-29 09:12:09,positif
Pengguna Google,5,Terimakasih atas pembaruannya Jadi semakin mudah,2021-03-27 20:01:27,positif
Pengguna Google,1,Kenapa wdlink saya gak bisa d buka Cuman gambarnya aja.apa solusi nya,2021-03-26 23:26:39,negatif
Pengguna Google,1,"Dulu saya pernah mendaftarkan Edlink terus sudah lama tidak saya pakek terus ini saya ganti hp saya login ke akun lama saya tidak bisa terus saya daftar ulang tulisannya sudah terdaftar ini emang gak boleh pakek edlink ya saya, saya juga sudah kirim email juga",2021-03-26 20:15:19,negatif
Pengguna Google,5,I like,2021-03-26 13:25:32,positif
Pengguna Google,1,Min kenapa edlik nya error jadi susah buat belajar min gimana ini min,2021-03-25 17:37:47,negatif
Pengguna Google,1,lemot,2021-03-25 09:26:26,negatif
Pengguna Google,5,Mantap memudahkan kuliah kami bnget,2021-03-24 12:23:01,positif
Pengguna Google,5,Tolong mengerti terimakasih atas kunjungan Anda,2021-03-24 09:52:52,positif
Pengguna Google,5,"Keren bgt, dan permudah mahasiswa utk belajar secara OL.",2021-03-23 16:47:23,positif
Pengguna Google,5,Ajib banget aplikasi nya;),2021-03-23 11:18:36,positif
Pengguna Google,4,"Memilih metode absensinya error, tidak bisa dipencet pilihannya, mohon developer segera memperbaikinya",2021-03-23 09:56:29,positif
Pengguna Google,5,Bermanfaat sekali,2021-03-23 09:16:52,positif
Pengguna Google,2,"Aplikasinya sering error', padahal sinyal saya bagus tetapi tertulis periksa jaringan anda . Saya mau absen jd susah. Tolong diperbaiki",2021-03-23 07:29:11,negatif
Pengguna Google,1,Kenapa selalu error gitu sih?? kuliah terbengkalai kalau begini terus. Mohon tindakan agar kedepannya bisa lebih baik,2021-03-23 06:45:05,negatif
Pengguna Google,1,"Sering Error,trus minta update terus",2021-03-22 10:08:28,negatif
Pengguna Google,1,Sering eror pada mau masuk app nya,2021-03-22 07:07:44,negatif
Pengguna Google,5,Bagiss,2021-03-21 07:54:24,positif
Pengguna Google,4,Trimakasih,2021-03-20 10:06:56,positif
Pengguna Google,1,Saya kasih bintang satu karna sering banget di minta update kalu satu bulan 1 kali gak papa tapi ini satu bulan bisa 2 kali😣,2021-03-20 08:11:37,negatif
Pengguna Google,5,👍👍👍,2021-03-18 23:27:20,positif
Pengguna Google,5,Kenapa edlinknya tidak bisa diperbaharui?,2021-03-18 15:27:41,positif
Pengguna Google,1,Aplikasi Makin Buruk Sekarang Gadak Notifikasi Mohon diperbaiki,2021-03-18 13:56:14,negatif
Pengguna Google,2,Aplikasinya bagus...cuman mengapa selalu error ketika saya buka. Padahal aplikasi ini sangat penting bagi saya sebagai pembelajar...tolong diperbaiki lah...,2021-03-18 12:35:18,negatif
Pengguna Google,1,Ini bgmna cara pake aplikasi edlinknya biar bisa lihat materi yang di berikan sma dosen.,2021-03-18 11:53:02,negatif
Pengguna Google,1,Terlalu sering upgrade,2021-03-18 10:13:07,negatif
Pengguna Google,5,Sering di perbarui,2021-03-18 09:12:23,positif
Pengguna Google,5,Mntap,2021-03-18 08:03:23,positif
Pengguna Google,1,"Kok gk bisa login,",2021-03-18 05:33:16,negatif
Pengguna Google,1,Update nya ko nga bisa lama benget,2021-03-17 18:44:39,negatif
Pengguna Google,2,Banyak erornya,2021-03-17 17:54:18,negatif
Pengguna Google,1,Apk lemot banget,2021-03-17 16:53:48,negatif
Pengguna Google,1,Aplikasi jelek,2021-03-17 15:18:18,negatif
Pengguna Google,1,Edlink tidak bisa di perbarui bagaimana ini ???,2021-03-17 15:17:58,negatif
Pengguna Google,1,edlink sering eror min,2021-03-17 15:15:31,negatif
Pengguna Google,1,"Min kenapa si sring eror, minta di perbarui padahal ga ada perbarui di play store, kan jadinya ga bisa dibuka ini solusinya gmna.",2021-03-17 15:15:07,negatif
Pengguna Google,4,Gatau,2021-03-17 15:14:09,positif
Pengguna Google,1,Aplikasi nya eror,2021-03-17 15:11:30,negatif
Pengguna Google,1,Tidak mendukung paket belajar,2021-03-17 15:10:54,negatif
Pengguna Google,2,"Ini kok minta di perbarui,, tapi di buka di play store gak ada pembaruan????",2021-03-17 15:07:01,negatif
Pengguna Google,5,Keren jdi sarana belajar. Sangat Bagus,2021-03-17 15:06:43,positif
Pengguna Google,5,"Ingin kirim screenshot an nya tapi gpp deh. Min, kenapa ya gabisa dibuka padahal udah di update bbeberapa kali. Udah di uninstal pasang lagi, gitu aja terus. Masih gabisa masuk duh.",2021-03-17 15:05:40,positif
Pengguna Google,1,Di update beberapa kali tetapi pas dibuka kembali apk nya malah di suruh update lagi,2021-03-17 15:05:28,negatif
Pengguna Google,1,Kenapa apk nya tidak bisa di perbarui???,2021-03-17 15:04:51,negatif
Pengguna Google,2,Updateeee Tapi Tak bisa di Update,2021-03-17 15:04:48,negatif
Pengguna Google,1,Sudah update kok masih ada notif perbarui??,2021-03-17 15:03:32,negatif
Pengguna Google,1,Ucrh,2021-03-17 15:01:57,negatif
Pengguna Google,1,Tidak bisa masuk ke aplikasi,2021-03-17 14:57:16,negatif
Pengguna Google,4,Alhamdulillah.. Aplikasi ini cukup membantu dan cocok digunakan dalam pembelajaran online,2021-03-17 14:55:36,positif
Pengguna Google,2,"Aduh gw sudah update tapi masih di suruh update lagi,dan ngk bisa masuk, gimana ni?:(",2021-03-17 14:52:21,negatif
Pengguna Google,4,Cukup bagus,2021-03-17 14:52:02,positif
Pengguna Google,5,Baii,2021-03-17 14:50:00,positif
Pengguna Google,1,setangg..knpa eror lagi..,2021-03-17 14:49:21,negatif
Pengguna Google,1,"Maaf ini edlink nya kenapa ya, minta di perbarui. Sekali di perbarui tapi gak bisa juga. Tetap juga keluar.",2021-03-17 14:48:06,negatif
Pengguna Google,5,Bgus,2021-03-17 14:47:40,positif
Pengguna Google,5,lumayan walaupun lelet,2021-03-17 14:44:44,positif
Pengguna Google,5,MasyaAllah,2021-03-17 14:43:51,positif
Pengguna Google,2,Sering loading ga bisa masuk,2021-03-17 14:43:33,negatif
Pengguna Google,5,Apk ini bagus,2021-03-17 14:40:53,positif
Pengguna Google,1,"Di suruh update, sudah saya update tetep kembali diminta update, padahal tugas sudah menunggu dri dosen, tolong di perbaiki lagi 🙏",2021-03-16 12:49:06,negatif
Pengguna Google,1,"Min kenpa yah, aplikasinya sering eror ? Dan selain itu biasanya kalau aplikasinya eror kita bisa login melalui web, tapi skrg tidak bisa..?",2021-03-15 14:15:34,negatif
Pengguna Google,2,"Loading ya lama bgt, padahal sinyal full tp muncul trs terdapat gangguan jaringan. Mohon perbaikan ya 🙏",2021-03-15 08:26:54,negatif
Pengguna Google,1,"Pake data ataupun wifi ga ada pengaruh sedikitpun, tetap saja lelet dan selalu ada pemberitahuan sambungan anda putus, padahal mke Yt dan apk lainnya lanjar jayaaaaa, mohon klarifikasinyaaaaa🤗",2021-03-15 08:24:23,negatif
Pengguna Google,5,😎😎😎 keren,2021-03-15 07:38:34,positif
Pengguna Google,1,"Kadang error, saya kadang telat masuk jam kuliah soalnya edlink ny suka kluar sendiri..",2021-03-09 11:26:34,negatif
Pengguna Google,5,Ditingkatkn lgi ya developer,2021-03-07 11:23:30,positif
Pengguna Google,4,Suka lama kalau ngirim tugas selebihnya sih bagus,2021-02-28 15:23:58,positif
Pengguna Google,2,"Tolong untuk koneksinya diperbaiki diaplikasi android ataupun di web/di pc sering down, tolong diperbaiki",2021-02-25 23:14:13,negatif
Pengguna Google,2,Nanti di tambah bintang nya kalo udah lancar make apk nyaa 🙂🙂,2021-02-22 19:31:58,negatif
Pengguna Google,5,Keren bnget.,2021-02-20 11:32:53,positif
Pengguna Google,5,Aplikasinya selalu Eror ketika lama kita buka aplikasinya,2021-02-18 18:58:39,positif
Pengguna Google,5,"Mantap, aplikatif, efektif dan efisien",2021-02-17 06:48:25,positif
Pengguna Google,5,Wow sangat bgus,2021-02-16 10:46:51,positif
Pengguna Google,1,"Sinyal bagus tapi tetap tidak masuk, *pastikan jaringan wifi tersedia* padahal sinyal mangpret bro",2021-02-15 19:45:06,negatif
Pengguna Google,1,Uploadnya tugasnya lama sampe abis waktunya😠,2021-02-15 14:53:55,negatif
Pengguna Google,2,"Saya sering mengirim tgs le dosen, terus di apk tertulis dikirm, tapi pas liat daftar orang yg mengumpulkan tgs nama saya gak ada, padahal saya udah ngirim tgs lohh dan akhrinya saya gak dapat nilai",2021-02-12 16:39:04,negatif
Pengguna Google,1,Bagaimana cara memperbaharui kemabli akun edlinya,2021-02-10 19:32:25,negatif
Pengguna Google,5,Aplikasi bagus,2021-02-10 15:35:41,positif
Pengguna Google,1,"Setelah di update, saya share link google form, malah tidak bisa di klik sama mahasiswa. Semester depan, saya tidak mau pakai Edlink lagi.",2021-02-09 14:45:13,negatif
Pengguna Google,1,Kok aplikasi edlink ny gk bisa kebuka... Ada tampilan pembaruan dan keluar.. Di klik pembaruan kagk muncul apa2,2021-02-08 22:29:22,negatif
Pengguna Google,1,Kok mau pasangnya lama bngt..hmpir satu jam,2021-02-08 19:46:31,negatif
Pengguna Google,2,Lama uplod doang.,2021-02-08 17:07:08,negatif
Pengguna Google,1,Sampah,2021-02-08 16:01:10,negatif
Pengguna Google,1,Lag terus kirim jawaban. Upload jawaban lama banget ada batas waktu juga,2021-02-08 14:27:51,negatif
Pengguna Google,5,👍👍,2021-02-06 21:57:02,positif
Pengguna Google,1,Aplikasi down terus mau ngirim tugas jd susah padahal waktu mepet,2021-02-06 12:04:57,negatif
Pengguna Google,1,Sering eror nilai aku 0 Gara gara eror,2021-02-05 20:17:42,negatif
Pengguna Google,2,Kenpa gk bisa di perbarui gue mau belajar,2021-02-05 09:17:22,negatif
Pengguna Google,5,Okey kak makasih kak untuk infonya kak skrang notifnya suda ada kak♥️☺️,2021-02-05 08:38:42,positif
Pengguna Google,5,bagus sekali,2021-02-05 06:39:53,positif
Pengguna Google,4,"Lola parah, gabisa login, udh login gabisa masuk kelas,, tolong di perbaiki. Mau UAS nih. Jangan sampe lagi uas kayak gini",2021-02-05 05:42:06,positif
Pengguna Google,5,Sangat membantu sekali,2021-02-04 18:51:11,positif
Pengguna Google,4,Dengan aplikasi ini sangat membantu sya dalam artian tidak perlu kekampus dirumah saja bisa kuliah.,2021-02-04 15:08:30,positif
Pengguna Google,5,Snagat Membantu sekali,2021-02-04 11:29:56,positif
Pengguna Google,5,luas biasa,2021-02-03 20:38:23,positif
Pengguna Google,5,Alhamdulillah Terimksh edlink di saat pandemi covid-19 sperti skrg memudahkan dlm melakukan aktivitas belajar magister secra online,2021-02-03 15:04:55,positif
Pengguna Google,5,Bagus untuk buka tugas,2021-02-03 12:11:06,positif
Pengguna Google,5,"Sejauh ini aman aman saja . Mempermudah mengumpulkan tugas tanpa harus ngejar"" dosen 😎🤙",2021-02-03 09:34:11,positif
Pengguna Google,1,kebanyakan tugas....,2021-02-03 07:04:06,negatif
Pengguna Google,5,Sangat senang sekali,2021-02-02 19:01:07,positif
Pengguna Google,1,Lola aduhh,2021-02-02 18:11:10,negatif
Pengguna Google,1,Mohon maaf izin bertanya Cara mengubah bahasa sebelah mana min?,2021-02-02 16:02:28,negatif
Pengguna Google,2,Sering bngt eror kadang nilai ulangan suka gk sesuai sedih bngt :(,2021-02-02 15:05:48,negatif
Pengguna Google,1,tolong perbaiki donk sering eror tidak seperti versi yang lama,2021-02-02 10:42:49,negatif
Pengguna Google,1,"Untuk quiz lemot sekali. Pdhl saya sudah pilih jwbn yg benar, ttp error jadi 0 .",2021-02-02 10:40:32,negatif
Pengguna Google,4,😁,2021-02-02 10:34:14,positif
Pengguna Google,1,"Teruntuk edlink yang terhormat, tolong jangan banyak update lah, di masalah jaringan nya tolong jangan harus selalu jaringan bagus, ga semua orang mempunyai wifi ga semua orang mempunyai hp yang bagus, dan ga semua daerah itu jaringan nya bagus jadi tolong banget nilai gua selama semester ini tuh buruk karna ya jarang ngerjain quis karna edlink nya aja sering error",2021-02-02 10:27:51,negatif
Pengguna Google,5,Edlink sangat bermanfaat dan membantu sekali,2021-02-02 10:13:27,positif
Pengguna Google,1,Ketika ada update terbaru user tidak bisa masuk ke aplikasi dan baru bisa masuk ketika sudah terupdate. Tolong dong meskipun harus di update perbolehkan usernya masuk ke aplikasi dulu. Kalo urgent kita mahasiswa yg pake bisa ketinggalan sesi dan malah bikin rugi.,2021-02-02 10:05:55,negatif
Pengguna Google,2,"Kenapa aplikasinya jadi sering down sih, kalau mau ngirim tugas suka loadnya lama, nah pas cobain Ke instagram sinyalnya bagus kok, speednya juga bagus, pas ngirim tugas di edlink malah down banget, pliss kenapa sih :(",2021-02-02 08:51:17,negatif
Pengguna Google,5,"berkat aplikasi ini, banyak nilai saya yang hancur. terima kasih edlink . dosen jadi malas memeriksa dan tugas hanya jadi pajangan berkat aplikasi bego ini. terlalu mudah kena spam, sehingga dalam memeriksa tugas, dosen banyak yang lalai. Saran, jika tugas yang mahasiswa upload tidak di nilai dosen, ada baiknya jika notifikasi ada sebagai pengingat dosen agar memeriksa tugas tersebut. notifikasi berulang jika masih tidak di nilai si dosen :) aplikasinya sudah bagus, cuma masih banyak kelemahan",2021-02-01 18:57:52,positif
Pengguna Google,1,"Jelek banget apknya, suka eror. ih gw benci dosen gw yang mewajibkan pake apk ini.Padahal kredibilitasnya juga kasih dipertanyakan. Bintangnya aja 3.1, entah pencipta apk ini siapanya dosen gw 😒",2021-01-30 00:57:54,negatif
Pengguna Google,4,"Tolong tambahkan halaman khusus untuk tugas-tugas dihalaman utama, soalnya kadang gak sadar kalau ada tugas yang lain.",2021-01-27 09:33:26,positif
Pengguna Google,5,Apk nya bagus,2021-01-26 06:30:54,positif
Pengguna Google,1,"GAUSAH DI DOWNLOAD , BUKANNYA MEMPERMUDAH MALAH MEMPERSULIT . SOAL DI KUIS TIDAK BISA KEGANTI , LOADING LAMA .",2021-01-24 13:20:27,negatif
Pengguna Google,5,Muda2han kedepannya app ini makin baik dan nyaman di gunakan,2021-01-24 08:31:59,positif
Pengguna Google,1,"Edlink eror melulu, padahal jaringan udah 5G",2021-01-24 03:42:38,negatif
Pengguna Google,1,"Aplikasi sering error, kadang buka materi gamau, saat mengerjakan quiz loading kw soal selanjutnya lama, hasil nilai quiz tidak sesuai dengan soal yg benar terjawab. tolong diperbaikin aplikasinya, karena kasian para mahasiswa yang di tuntut untuk mengerjakan quiz dengan aplikasi edlink ini menjadi rugi diakibatkan karena buruknya aplikasi ini, terimakasih.",2021-01-23 14:33:56,negatif
Pengguna Google,1,"Jelek aplikasinya GK pantas jadi media pembelajaran , memudahkan dosen menyulitkan mahasiswa, kalau kuis suka eror edlinknya",2021-01-23 10:12:08,negatif
Pengguna Google,1,"Kalau ada quiz lelet banget. Jawaban tidak terkonfirmasi, habis waktu buat nungguin loading, di akhir gabisa ngirim jawaban. Padahal udh jawab benar semua malah dapat 0 luar biasa wkwkwkwk.",2021-01-23 10:03:29,negatif
Pengguna Google,1,"Edlink banyak erornya membuat saya tidak dapat menjawab qius dengan benar dan saya mendapatkan nilai 0, saya protes ke dosen tidak diterima, sudah 5 saya mendapatkan 0 dalam qius tersebut karena kesalahan edlink ini, apakah edlink bisa memperbaiki nilai saya yang 0 tersebut karena sering server down ini, tidak bisa, buat aplikasi yang benar lah, perbesar kapasitasnya, anda bisa menjawab minta maaf tapi saya mengulang 1 semester untuk 1 mata kulia tersebut.",2021-01-23 09:59:55,negatif
Pengguna Google,2,"Kak, saran yang kemarin kakak bilang itukan hanya berlaku buat dosen. Saya mahasiswa kak. Kami juga sekarang mulai kirim tugas lewat email karena edlink gitu. Penyimpanan nya benar-benar GK bisa dihapus kak. Bukan hanya saya. Teman satu kampus semua gitu. Sampai beberapa dosen mengambil kebijakan untuk memindahkan mata kuliah ke aplikasi lain. Mungkin kalau kakak bisa jelaskan proses penghapusan media untuk mahasiswa, saya bisa infokan ke teman-teman saya",2021-01-22 22:38:56,negatif
Pengguna Google,2,Edlink kenapa susah banget buat login nya saya sudah satu minggu alfa karena tidak bisa masuk edlink padahal jaringan bagus😓,2021-01-22 11:59:24,negatif
Pengguna Google,5,Rekomendasi,2021-01-21 16:05:36,positif
Pengguna Google,2,Aplikasi'a kurang efektif Krena sering eror,2021-01-21 13:13:48,negatif
Pengguna Google,2,kenapa edlink ga bisa di buka sudah berkali kali di instal taoi ga bisa masuk masuk buka edlink ny,2021-01-20 19:13:46,negatif
Pengguna Google,4,Hebat,2021-01-18 09:59:19,positif
Pengguna Google,2,"Perbaiki masalah ketika meng-upload file yang berukuran besar, selalunya ketika meng-upload video terjadi masalah jaringan padahal jaringan dalam kondisi yang baik-baik saja, pakai Wi-Fi pun butuh waktu yang lama ketika melakukan upload.",2021-01-15 07:14:16,negatif
Pengguna Google,2,Rugi nilai..... cepetin lagi ya kualitasnya jangan lemot.. soalnya saya mahasiswa ngerjar nilai. Makasih,2021-01-14 20:00:44,negatif
Pengguna Google,2,"Kok beberapa hari ini setiap buka apk nya eror mulu ya, pdhl dari kemarin lancar aja. Tolong di fix admin",2021-01-14 14:26:37,negatif
Pengguna Google,4,Cinta itu buta,2021-01-14 08:37:03,positif
Pengguna Google,1,Mohon maaf kak edlink setelah di upgrade kok jadi lebih susah dalam upload tugas terus kalau ada pemberitahuan tidak muncul di layar hp,2021-01-11 19:21:56,negatif
Pengguna Google,5,"Senang karena nyaman dilihat apk setelah pembaharuan, ada kemajuan..🤗 mudah dimengerti, Sangat bermanfaat bagi perkuliahan online♥️ terimakasih :)",2021-01-06 14:56:24,positif
Pengguna Google,1,loading nya lama bangat tolong dong di perbaiki,2021-01-04 10:40:53,negatif
Pengguna Google,1,"Pas buka PUBG, ML, FF, GENSIN INMPACT lancar, giliran buka aplikasi ini tiba-tiba loading terossssss",2021-01-03 21:29:24,negatif
Pengguna Google,1,"Edlink makin hari kok makin banyak eror nya si :( aku mau ngirim tugas makalah tulisan nya periksa koneksi terus padahal sudah pakai wiffi sama data tetap aja. Sampe deadline nya kelewat, capek capek ngerjain 😌 malah gk dapet nilai makasih edlink",2020-12-26 18:13:21,negatif
Pengguna Google,1,Gangguan terosss,2020-12-25 08:46:50,negatif
Pengguna Google,5,Aplikasi edlink ini sangat bermanfaat bagi saya karena dapat membantu saya melakukan kuliah online,2020-12-24 19:56:42,positif
Pengguna Google,1,"Down server terus ah jelek. Mau upload tugas pas deadline malah ga bisa buka. Apk bagus lah, lebih bagus di hapus.",2020-12-23 23:20:05,negatif
Pengguna Google,4,Kulia,2020-12-18 10:39:17,positif
Pengguna Google,1,"Lebih bagus yang versi lama, versi baru ini menyusahkan, loadingnya lama untuk scroll ke bawah pun susah, padahal kamaren itu udah bagus banget",2020-12-17 16:35:54,negatif
Pengguna Google,2,"MATERI DARI TERTUTUP OLEH BERITA YANG TERKADANG TIDAK PENTING, DAN JUGA MATERI BARU BERADA DI BAWAH MATERI LAMA JADI TIDAK TAU MATERI YANG BARU ATAU YANG LAMA, MOHON PERBAIKAN NYA TERKADANG DOSEN TIDAK PEDULI TENTANG KENDALA INI JADI ABSEN KITA SEBAGAI MAHASISWA TERGANGGU",2020-12-16 18:39:57,negatif
Pengguna Google,1,"Ini aplikasi bukannya bikin bantu mempermudah pembelajaran dimasa pandemi,tapi malah mempersulit,sering ngadat dan harus bolak balik donlot. Diwaktu UAS malah ngadat , Menyebalkan,",2020-12-16 18:16:59,negatif
Pengguna Google,5,Toko pedia banyak membantu dlm banyak hal,2020-12-15 05:52:11,positif
Pengguna Google,1,"Kebanyakan loading , upload tipe kb aja lama loadingnya padahal sinyal bagus",2020-12-14 21:32:35,negatif
Pengguna Google,1,"Apk gaje, bikin sakit kepala aja.",2020-12-14 10:36:56,negatif
Pengguna Google,1,Sering tidak bisa dbuka. Tolong diperbaiki,2020-12-10 20:16:44,negatif
Pengguna Google,1,Mengapa pada saat saya ingin menambahkan tugas saya . Kenapa tidak bisa ditambahakan. Padahal saya ingin mengupload tugas saya,2020-12-10 06:19:24,negatif
Pengguna Google,5,Mantul bat dah pokonya,2020-12-09 19:21:53,positif
Pengguna Google,2,"Mohon maaf nih,saya akan menyampaikan keluhan saya ketika memakai Edlink terkadang ketika Daring nih aplikasi membuat saya kesal karena tidak bisa dibuka sehingga sering membuat saya tidak bisa mengerjakan tugas"" yang telah diberikan oleh Dosen. Mohon kepada pihak Deploper Edlink agar diperbaiki segera",2020-12-08 07:54:24,negatif
Pengguna Google,1,Tidak bisa terbukaa edlink nya,2020-12-07 11:52:52,negatif
Pengguna Google,1,Noob gak bisa dibuka,2020-12-06 15:11:50,negatif
Pengguna Google,2,"Edlink saya dari pagi gak bisa di buka min. Sudah saya hapus dan download ulang tapi sama saja, tidak masuk ke aplikasi malah muter terus😑😑 Itu gimana yah min. Mohon bantuan nya🙏🙏",2020-12-04 15:27:17,negatif
Pengguna Google,1,"Edlink kenapa gabisa dibuka terus, udah beberapa kali uninstall terus install lagi tapi tetep gabisa dibuka load terus, padahal jaringan bagus, udh coba pake wifi jg tetep gabisa.. tugas kuliah saya mana numpuk lagi duhhh",2020-12-04 14:01:52,negatif
Pengguna Google,4,"Kenapa setelah di update, notifikasinya tidak muncul lagi ya kak? Mohon informasinya",2020-12-02 08:51:59,positif
Pengguna Google,1,Tidak baguss. Kuarang di pahami cara muali zoomnya,2020-12-02 08:25:53,negatif
Pengguna Google,1,"Ini edlink aps sama yg di web hari ini susah kali masuk nya, gangguan kah..",2020-11-30 13:10:05,negatif
Pengguna Google,1,"Krn aplikasi ini tdk bagus menurut sya, krn knp loading terus",2020-11-30 11:27:27,negatif
Pengguna Google,5,aplikasi ini sangat membantu saya untuk kulon disaat kondisi sekarang:),2020-11-30 10:00:57,positif
Pengguna Google,5,Sangat berguna dan saya selalu mendapat informasi terbaru,2020-11-29 11:46:53,positif
Pengguna Google,1,"Edlink sarap lemot muter muter terus kerjaanya loding lama, gara gara sia aing telat ngerjakeun tugas, mau ngumpulin tugas loadingnya lama bet dah",2020-11-26 21:18:00,negatif
Pengguna Google,2,"Parah nih aplikasinya, masa kelas gk bisa dibuka. Klik kelas malah keluar sendiri dari aplikasinya. Mana lg ujian",2020-11-25 15:59:33,negatif
Pengguna Google,1,"Aplikasi yang sering kena gangguan. tolonglah benahi aplikasi ini, mengingat aplikasi ini merupakan salah satu aplikasi pembelajaran yang vital di tengah pandemi corona ini!",2020-11-24 13:05:55,negatif
Pengguna Google,1,"Rusak ni apps masa jaringan saya 4G+ download up to 10mb/ps ketika buka ni apps loading lama, terdapat gangguan di jaringan anda lah gblk emg mau ngumpul tugas aja susah banget tolong di perbaiki min tod",2020-11-24 12:54:06,negatif
Pengguna Google,5,Ok banget,2020-11-24 11:49:50,positif
Pengguna Google,1,"Apk anjim, mempersulit hidupku di masa kuliah online. Servernya selalu down setiap hari. Cuma ngambil keuntungan aja disaat pandemi.",2020-11-24 08:35:40,negatif
Pengguna Google,1,"Aplikasi dibuka ga bisa buka, sering error #rrqwin #vivabtr",2020-11-23 10:39:09,negatif
Pengguna Google,5,"Saya Sangat Terbantu Dengan Adanya Aplikasi Ini,Mudah Utk Dimengerti🙏",2020-11-22 22:56:32,positif
Pengguna Google,5,Awalnya aplikasinya lancar2 saja Tapi belakangan ini sering error Tidak bisa dibuka aplkasi nya padahal jaringan saya full Mohon diperbaiki,2020-11-22 13:52:38,positif
Pengguna Google,2,"Cukup kecewa sama edlink yang sekarang, karena saat ingin membuka tugas malah force close. Mohon untuk segera diperbaiki",2020-11-20 12:41:13,negatif
Pengguna Google,2,"Aku ga bisa masuk edlink, loading mulu muter2 doang....",2020-11-19 19:23:44,negatif
Pengguna Google,1,Sangat kecewa karna sudah seminggu ini setiap upload file tugas keterangannya penyimpanan melebihi batas. Dan disuruh upgrade terus padahal tugas sangat banyak 😭 Tolong diperbaiki untuk kapasitas penyimpanan maksimalnya karna file yg dikirim tidak hanya berukuran kecil 🙏🏻,2020-11-19 11:32:54,negatif
Pengguna Google,1,"Sehabis di perbarui jadi sering gak bisa dibuka, terus keluar sendiri. Padahal awalnya bagus banget sekarang ko jadi gini.",2020-11-18 12:58:55,negatif
Pengguna Google,1,Error terus.... Mohon diperbaharui sistemnya biar lebih cepet dan gak suka error' lagi.,2020-11-18 11:17:50,negatif
Pengguna Google,4,"Kurang min. Masih kurang dlm masalah penyimpanan. mau pindahin dr personal ke perguruan tinggi ga bisa katanya upgrade dlu, maksud nya apa?. Tolong kasih tips untuk masalah penyimpanan min. masa depan masih panjang 😂 sempat w masih mau kirim tugas malah penyimpanan dah habis 🙏mohon bantuan nya min👍",2020-11-17 14:22:57,positif
Pengguna Google,4,no comment,2020-11-17 13:24:01,positif
Pengguna Google,1,Kenapa setelah di update di menu kelas akdemik jadwalnya kosong padahal di aplikasi punya teman ku yang belum di apdate ada,2020-11-17 11:34:30,negatif
Pengguna Google,1,Sumpah ini aplikasi nya loading bgt bunnnn😭😭😭,2020-11-16 21:07:23,negatif
Pengguna Google,2,Saya merasa kecewa dgan fitur baru app ini tidak berjalan baik seperti dulu kala...ohhhhhh mengapaaaaaa,2020-11-16 14:44:51,negatif
Pengguna Google,1,"Ngirim tugas lemkt kali,setelah itu gabisa masuk edlink lagi yg tolong perbaiki lah",2020-11-15 20:15:42,negatif
Pengguna Google,5,Mantap slur.,2020-11-14 10:12:26,positif
Pengguna Google,1,Keren banget,2020-11-13 05:11:13,negatif
Pengguna Google,1,p Za as Langsung,2020-11-12 09:45:50,negatif
Pengguna Google,1,TOLONG BANTU DONG SAMPE SKRG EDLINKNYA GABISA DIBUKA UDAH DARI 2MINGGU MASIH MUTER TERUS. TOLONG LAH INI JADI KETINGGALAN MATKUL TERUS. MOHOB SEGERA BANTU,2020-11-11 20:06:50,negatif
Pengguna Google,5,Sangat baikkkkk,2020-11-11 10:12:21,positif
Pengguna Google,4,Sering tidak dapat tehubung ke server,2020-11-10 19:18:21,positif
Pengguna Google,1,"Apps belajar kurang ajr, mau kumpul kan tugas malah nge lag parah pas upload file, auto abis lah dead line nya, servis lagi lah ni app, supaya pas kumpulkan tugas ada kompensasi upload nya",2020-11-10 12:37:08,negatif
Pengguna Google,2,Aneh masa saya tidak bisa menghapus file yg telah lama tidak dipakai,2020-11-10 10:22:47,negatif
Pengguna Google,2,kepada pihak edlink. mengapa ya edlink saya tidak bisa mengirim tugas?saya kesulitan mengirim tugas tapi tidak bisabisa terupload pdf saya,2020-11-10 00:27:09,negatif
Pengguna Google,1,Kenapa edlink versi terbaru ribet amat. Digunakan. Jadi malah bingunk Lebih bagus yang versi lama,2020-11-08 09:51:42,negatif
Pengguna Google,1,👎,2020-11-07 07:52:08,negatif
Pengguna Google,5,suka banget 😃,2020-11-07 05:28:27,positif
Pengguna Google,1,Melihat krs dan khs tidak bisa,2020-11-06 16:04:38,negatif
Pengguna Google,4,Cukup baik,2020-11-06 15:26:35,positif
Pengguna Google,1,"Notif Tugas dan Quiz sering tidak muncul, membuat beberapa tugas saya tidak bisa disubmit dan akhirnya nilai saya jelek.",2020-11-05 20:21:55,negatif
Pengguna Google,1,"Serius makin ribet benar ini edlink, gak bisa kebuka lah, lodingnya buat ribet, apa gak ada versi lain",2020-11-04 09:20:02,negatif
Pengguna Google,4,Aplikasi nya lumayan mudah diakses. Tapi kalau bisa kolom komentar otomatis terperbaharui. Biar saat melakukan diskusi via EdLink tidak perlu harus keluar masuk dulu tuk dapat update komentarnya.,2020-11-04 09:10:33,positif
Pengguna Google,4,Aplikasinya bagus dan sangat membantu para pelajar,2020-11-03 13:16:52,positif
Pengguna Google,2,Tidak bisa copy paste,2020-11-03 11:09:29,negatif
Pengguna Google,2,"Setelah update ada bug. Sudah berkali-kali terjadi, mau buka materi, komentar, kuis tidak bisa. Mohon diperbaiki secepatnya, karena saya tidak bisa absen selama 2 Minggu di komentar",2020-11-03 08:52:07,negatif
Pengguna Google,1,"Versi lama lebih mudah untuk digunakan, kenapa malah versi terbarunya jadi makin buat sistem lambat. Tidak bisa di scroll pada bagian kelas akademik mohon diperbaiki sistemnya",2020-11-02 21:59:02,negatif
Pengguna Google,1,Makin ribet tampilan barunya,2020-11-02 08:53:05,negatif
Pengguna Google,1,"Mohon di perbaiki lagi, aplikasi ini setelah di update sering keluar sendiri, untuk kedepannya harus di perbaiki lagi",2020-11-02 07:42:05,negatif
Pengguna Google,1,"Force close terus, gimana ini kuliah",2020-11-02 07:26:36,negatif
Pengguna Google,1,Sering eror,2020-11-02 07:03:59,negatif
Pengguna Google,1,"Kenapa tiba tiba forceclose sendiri ? Mohon diperbaiki ,agar kenyamanan belajar siswa dapat terpenuhi",2020-11-02 03:47:51,negatif
Pengguna Google,1,"Bisa keluar sendiri, dan lewat HP susah ngerjakan tugas dan kirim tugas nya ribet, tolong perbaiki, Terima kasih",2020-10-31 20:20:46,negatif
Pengguna Google,1,"Edlink setelah di upgrade kok jadi nggak jelas cara pengiriman tugas makin ribet, kuis nggak ada waktu. Saya lebih suka tampilan dan sistem edlink dahulu dari pada sekarang , Terimakasih",2020-10-30 21:49:25,negatif
Pengguna Google,5,sgt bagus dan sgt membantu👍,2020-10-30 18:50:16,positif
Pengguna Google,5,"Bagus banget aplikasi ini dan membantu dalam kuliah jarak jauh selama ini 🥳🎉👍. Hehehe baru saja masuk kuliah, eh pembelajaran jarak jauh, sedih banget dan nggak bisa ketemu dengan temen-temen ರ_ರ",2020-10-29 12:10:37,positif
Pengguna Google,5,Untuk tab samsung nggak kompatible ya.. kok nggak bisa jalan. Install bisa tapi ketika dibuka langsung mati,2020-10-29 05:57:39,positif
Pengguna Google,1,"Mohon bantuannya karena Aplikasi sering keluar sendiri/berhenti,tidak bisa copy dan paste serta postingan lama sering tampil di atas sehingga membingungkan,data terbaru tidak sinkron (untuk yang di web:tugas sudah dikerjakan dan dikirim namun masih terlihat diberanda bahwa tugas belum di kerjakan),password sudah di ganti pun masih tetap yang berlaku password yang lama,saya menggunakan Android v.9,dan kejadian ini pun berlaku juga di laptop, terima kasih.",2020-10-28 13:49:29,negatif
Pengguna Google,2,"Applikasi sering force close, entah beda update informasi dengan yang versi web, saya sering menemukan perbedaan jam update berita mengenai perkuliahan antara versi app dengan versi web. Mohon untuk pengembangannya dalam proses update data/informasi, agar sama antara versi web sdengan versi app. Untuk app, jika scrol ke berita yg lama, lebih sering force close. Entah kinerjanya menurun karena terlalu banyak data atau ada kendala pada saat proses pengambilan data yang lebih lama. Terimakasih,.",2020-10-28 10:47:25,negatif
Pengguna Google,1,"Setelah update malah jadi ribet, suka berhenti dan keluar sendiri, terus file yang kemaren-kemaren hilang susah di download, tolong perbaiki dan kembalikan ke seperti semula.",2020-10-28 09:29:24,negatif
Pengguna Google,1,"Knp setelah di update malah makin BOBROK?? Masa sy nggak bisa scroll ke atas trus gw pencet sesi-4, eh yg muncul malah sesi-14 😡. TOLONG DI PERBAIKI SEGERA KARNA APK INI DIBUTIHKAN BUAT JALANNYA PERKULIAHAN. MASA NILAI SY ERROR GEGARA APK BOBROK SIH!!",2020-10-28 06:47:12,negatif
Pengguna Google,1,"mohon maaf sebelumnya. apk terbarunya pas di upgrade makin ngawur, dosen udah upload materi udah lama di mahasiswanya malah pas akhir akhir gitu. atau kadang uploadnya kemarin dapat notifnya hari ini",2020-10-27 23:28:02,negatif
Pengguna Google,1,"Maaf sebelumnya, kenapa setelah di upgrade malah makin mempersulit untuk mengumpulkan tugas dan file tugas yang telah kita kerjakan juga tidak terlihat setelah deadline. Sedangkan sebelum upgrade file tugas masih bisa terlihat bahkan ke save di edlink. Jadi kan kita gak bisa buka lagi file tugas kita klo begini hanya dosen saja yang bisa melihat nya, lalu bagaimana mahasiswa bisa mengoreksi mana yang salah dan benar nya. Menurut saya lebih baik bagi perfoma sebelum upgrade",2020-10-27 23:23:55,negatif
Pengguna Google,1,"Setelah upgrade, jadi bingung. pokoknya mh gak bgus.. bagusan yang lama, bagi yang blum upgrade jangan di upgrade saran aja terimakasih",2020-10-27 23:12:25,negatif
Pengguna Google,1,"di menu kelas>>akademik ga bisa di scroll jadi ga bisa liat tugas yg di berikan dosen, bodohnya ni yg membuat pembaruan, menyesal sudah di update, berharap pihak kampus meninggalkan edlink ini, dan berpindah haluan ke haruka edu saja",2020-10-27 22:55:38,negatif
Pengguna Google,1,"Tambah ruwet .,.jika kuis waktu tidak tercantum jadi tidak tahu kapan kuis berhenti",2020-10-27 18:41:51,negatif
Pengguna Google,1,Tidak bisa paste dari catatan yang sudah saya salin:( Tolong dong diperbaikii,2020-10-27 16:42:22,negatif
Pengguna Google,2,"Selamat sore, mohan maaf. Setelah di update saat mengerjakan kuis tidak ada pemberitahuan sisa waktunya berapa, konfirmasinya pun diakhir sehingga apabila waktunya habis dan belum sempat terkonfirmasi seperti tidak mengerjakan soal = nilai 0 (dengan benar:0 salah:0). Tidak seperti dulu bisa dikonfirmasi tiap nomer jadi jwbnnya bisa tersimpan. Semoga bisa diperbaiki lagi, terimakasih",2020-10-27 14:55:30,negatif
Pengguna Google,1,"Kami sudah terbantu dengan apk ini tapi setelah update kok makin tambah down sistemnya, yang pakai smartphone ketika ujian atau kuis kenapa nggak ada waktunya??. Nggak semua mahasiswa maupun siswa mempunyai PC dan sejenisnya. Juga mengenai jawaban pada masing-masing soal tidak bisa di konfirmasi tiap persoalnya harus konfirmasi keseluruhan, bandingkan dengan timeline yang mepet,otomatis pembacaan sistem nilai 0,yang mau tanggung jawab siapa?? #Ayolah sistemnya di perbaiki lagi!!",2020-10-27 14:23:40,negatif
Pengguna Google,2,Setelah di update jadi susah di scroll dan dalam tugas pengisian komentar tidak bisa dilihat. Tolong ya kembalikan lagi ke semula.,2020-10-27 11:26:35,negatif
Pengguna Google,1,"Sekarang saya kecewa sama tampilan baru dari edlink, menurut saya lebih efektif versi yang lama. versi baru ribet, dan jika loading suka lama. Saat saya mau copas jawaban disuruh dosen tidak bisa harus mengetik ulang, jika saya absen saya harus diabsenkan teman lewat akun saya karena hp saya lcd nya rusak dan sebagian huruf tidak bisa diketik kecuali di layar lansdcap. saran saya tolong perbaiki dan jika bisa edlink bisa menerapkan layar landscap karena akan membantu memudahkan saya terimakasih.",2020-10-27 09:26:39,negatif
Pengguna Google,1,"Masak setelah diupdate ga bisa ditempel atau koppy paste appnya gmn sih udh makin ga bagus:( Org mau buru"" kumpulin tugas lewat edlink jadi telat krn ga bisa dikoppy paste",2020-10-27 08:29:11,negatif
Pengguna Google,1,"Payah, muncul notifikasi dari dosen terkait kalau ada tugas yg harus dikumpulkan, setelah dipencet notifnya ada tapi kalau dikeluarin aplikasi nya lalu mau ngecek tugas yg ada di notif tadi malah ga ada. Prett",2020-10-27 08:13:43,negatif
Pengguna Google,4,"Min kalau bisa ada fitur untuk ""remember me "" sebelum login supaya ga ngulang2 lgi isi NIM sm passwordny ,,,trus di tambah lgi waktu ""SESSION"" agar klw lama ga buka msih tetap login tidak keluar otomatis..",2020-10-26 19:33:14,positif
Pengguna Google,1,Setelah diupdate malah tambah sulittt untuk belajar.. Sulit untuk mengirim tugas.. Tolong bikin seperti semula,2020-10-26 10:54:24,negatif
Pengguna Google,1,setelah di update kok tugas kita tidak bisa dibuka ?,2020-10-25 13:09:36,negatif
Pengguna Google,2,"Setelah Update, ketika dosen memberikan materi kadang materi lama berada di paling atas, padahal kadang kita diwajibkan aktif dengan menjawab pertanyaan dosen secara cepat. Dengan tertimpanya notifikasi membuat kita harus scroll atas bawah lagi.",2020-10-24 08:27:36,negatif
Pengguna Google,5,Kenapa Susah menghubungkan ke Perkuliahan nya,2020-10-15 11:47:58,positif
Pengguna Google,1,"De wisseng pakei jadi, lau walekki siddi bintang",2020-10-14 12:17:01,negatif
Pengguna Google,1,Aplikasi ini kok banyak errornya ya Jawaban saya pada kuis kampus tiba2 di ubah pada saat nekan finish Tolong segera di perbaiki 👎👎👎👎👎👎👎👎👎👎👎👎👎👎👎👎👎👎👎👎👎👎,2020-10-12 08:36:45,negatif
Pengguna Google,4,"Setelah diperbarui banyak menu yang tidak berfungsi dengan baik. Tidak bisa diklik dan status pengumpulan tugas tidak ada kata ""selesai"" setelah tugas dikumpulkan. Kenapa jadi gini? Dulu sebelum diperbarui ngga kayak gini lo padahal-_-",2020-10-11 21:13:34,positif
Pengguna Google,2,Gabisa ngirim tugas gimana ni,2020-10-11 13:04:16,negatif
Pengguna Google,5,bagus lah,2020-10-09 18:59:34,positif
Pengguna Google,1,"Tolong perbaiki, saya tidak bisa mengklik tugas dan komentar di edlink saya Kalau seperti itu terus nilai saya akan mendapatkan E Jadi dengan sangatt maksimalkan untuk aplikasi edlink ini Terimakasih",2020-10-09 18:56:02,negatif
Pengguna Google,1,"Loadingnya lama banget, gregetan",2020-10-08 22:21:00,negatif
Pengguna Google,4,"Lama terus kalo upload file, padahal udah ganti ganti internet provider tetep ajaa lama",2020-10-08 11:38:24,positif
Pengguna Google,1,"Astaga... Tiba2 kelas MK hilang Semua, Tugas sudah dikumpulkan & di submit juga hilang... Parah!.",2020-10-08 10:52:38,negatif
Pengguna Google,5,Sangat mudah,2020-10-08 03:54:15,positif
Pengguna Google,1,"Jelek, ngupload tugas susah",2020-10-07 14:32:55,negatif
Pengguna Google,1,Kelas akademik tidak muncul. error sudsh 2 Minggu. Bagaimana iniii,2020-10-06 06:49:44,negatif
Pengguna Google,2,"Mohon maaf nih min, edlink ya loading terus gak bisa dibuka, padahal hari ini jadwal kuliah. Kemaren juga gak bisa kebuka:( Tolong dong🙇‍♀️",2020-10-05 13:04:07,negatif
Pengguna Google,1,Ini knpa ya ...kn ada kelas baru atau materi baru ..padahal udh di refresh tapi gak muncul2 dan saya cek juga di notif gk ada ...padahal dosen udh memberikan materi tersebut...apakah eror atau gmna ini jelaskan??,2020-10-05 10:24:05,negatif
Pengguna Google,1,Suka eror apknya,2020-10-05 08:45:54,negatif
Pengguna Google,1,"Aplikasi apaan ini ga memudahkan sama sekali, setiap mau kasih profil selalu terus berhentu, tolong perbaikannya,",2020-10-04 10:52:40,negatif
Pengguna Google,1,Anjing banyak bugnya sial,2020-10-03 12:38:10,negatif
Pengguna Google,5,"Sangat menyukainya, karena ini sangat tepat digunakan dalam hal apapun apalagi khususnya untuk kuliah ini sangat tepat digunakan diera covid 19 ini",2020-10-02 20:52:02,positif
Pengguna Google,2,Mata kuliah saya kok tidak ada ya di kelas edlink...padahal di KRS dan KHS ada... Tapi di kelasnya kaga ketek matkul saya... Gimna ni ya solusinya...?,2020-10-02 12:46:09,negatif
Pengguna Google,5,"Aplikasi sangat mudah dipahami, cocok untuk perkuliahan",2020-10-01 14:45:18,positif
Pengguna Google,5,Ini yg paling terpopulerkan dan terbaik app edlink,2020-10-01 00:17:20,positif
Pengguna Google,1,Min tolong dong knp untuk mobile app nya gakbsa di akses ni,2020-10-01 00:16:14,negatif
Pengguna Google,1,Buat di ios dong kesusahan nih,2020-09-30 16:16:23,negatif
Pengguna Google,1,Nga bisa di download,2020-09-30 07:00:33,negatif
Pengguna Google,1,"Makin hancur ni aplikasi, log in makin d persulit, matakuliah gua tiba"" Ngilang semua njirr",2020-09-29 13:14:24,negatif
Pengguna Google,1,"Kok saya gabisa"" download padahal kuota full bnget",2020-09-29 12:34:11,negatif
Pengguna Google,1,"Saya kasi 1 dulu, Mohon info, kenapa edlink saya tidak update untuk ruang kelas nya? Sekarang sudah semester ganjil, tapi di edlink nya masih genap, Mohon info",2020-09-28 16:59:57,negatif
Pengguna Google,5,Sudah ada notifnya... ヾ(＾-＾)ノ,2020-09-28 12:59:47,positif
Pengguna Google,5,Membantu perkuliahan online di masa pandemi covid19 ini,2020-09-27 18:58:33,positif
Pengguna Google,1,MEMUDAHKAN UNTUK DOSEN. TAPI MEMBODOHKAN UNTUK MAHASISWA.,2020-09-24 15:38:23,negatif
Pengguna Google,5,Sudah di perbaiki terimakasih,2020-09-24 12:05:44,positif
Pengguna Google,5,Aplikasih ini sangat membantu saya tapi di akhir2 ini apliksh saya sering kalw buka file document susah banget. Mkasih,2020-09-24 11:54:05,positif
Pengguna Google,4,Sekarang udh normal lagi.. Semoga kedepannya ttp lancar..,2020-09-23 18:19:48,positif
Pengguna Google,1,"kenapa ya min, akun edlink saya ada 1 tp emailnya terdaftar 2 email yg berbeda, login dengan siakad masuk nya ke akun lain, login dgn google masuknya ke akun lain jg. masalahnya udh saya email kan tp belum ada balasan.",2020-09-23 12:39:25,negatif
Pengguna Google,2,Lama didownload jadi kesel Padahal wifi lancar Awalnya saya kira memori penuh tapi udah saya hapus semua aplikasi di hp saya yg tidak penting eh tetap aja gak mau didownload.. Tolong diperbaiki juga yaa biar makin bagus kedepan,2020-09-22 21:58:42,negatif
Pengguna Google,4,"Mhn untuk perbaiki pd item download, trimakasih",2020-09-22 09:40:10,positif
Pengguna Google,1,"Yang buat aplikasi ini,mudah""an besok dijogetin di dalem peti sama abng"" dari ghana.",2020-09-19 12:04:16,negatif
Pengguna Google,5,Tambahin fitur bayar Pendidikan lewat Shopee min.,2020-09-16 18:55:08,positif
Pengguna Google,1,Kenapa dibilang 13 MB tapi yang harus dihapus aplikasi lainnya harus 200MB,2020-09-16 17:30:44,negatif
Pengguna Google,4,Akhirnya bisa masuk,2020-09-16 09:46:18,positif
Pengguna Google,5,Bagus menggunakan aplikasi ini saat kuliah online.,2020-09-15 23:57:03,positif
Pengguna Google,5,Kenapa saya tidak bisa membuka komentar dosen saya padahal untuk edlink support & yg lainnya bisa dibuka? Padahal sudah saya keluar-masukkan & saya refresh tp tdk berubah,2020-09-14 13:43:12,positif
Pengguna Google,1,sedang pemeliharaan terus menerus...mohon ditingkatkan,2020-09-11 22:30:48,negatif
Pengguna Google,4,"Sudah baik aplikasinya, Sekedar masukan tolong di komtentar di tambahkan fitur balas sehingga saat kelompok presentasi dan ad pernyaan di komentar dapat langsung di balas sehingga komtentar dapat terlihat lebih rapi dan setiap diskusi lebih efisien.",2020-09-09 10:17:11,positif
Pengguna Google,1,Niru design tokopedia nih? Untung ngga kena copyright🤭,2020-09-08 13:18:56,negatif
Pengguna Google,4,"Tolong segera tambahkan aplikasi pada pengguna iOs agar bisa mengakses apk ini, terimakasih",2020-09-07 11:12:47,positif
Pengguna Google,5,Semoga Bisa mudah belajar dengan aplikasi ini😊,2020-09-07 08:07:48,positif
Pengguna Google,5,Sangat mmbntu dan memuaskan...salam sukses selluu tokopedia,2020-09-03 12:49:21,positif
Pengguna Google,1,"Menyesal , benar² buang kuota hanya untuk download . Sudah buat akun , tdk bisa login²",2020-09-02 18:33:24,negatif
Pengguna Google,5,Sangat bermanfaat untuk pembelajaran online..,2020-09-02 08:54:53,positif
Pengguna Google,5,Go for use ...............,2020-08-28 18:33:08,positif
Pengguna Google,5,Aplikasi yamg sangat bagus,2020-08-26 02:15:09,positif
Pengguna Google,2,"Tolong di tingkat kan lagi , setiap kali buka untuk nilai dll ga keluar , harus log in berulang2 kali",2020-08-24 18:45:21,negatif
Pengguna Google,5,Sangat bagus Dan membantu dalam proses belajar mengajar di kelas,2020-08-24 09:13:08,positif
Pengguna Google,5,Kalo bisa hadirkan di appstore . Agar pengguna ios dapat menggunakan nya,2020-08-19 18:38:49,positif
Pengguna Google,5,Aplikasi yg bagus,2020-08-09 14:32:02,positif
Pengguna Google,1,"Sangat kecewa setelah diupdate semakin buruk dan lambat, tampilan lebih simpel yang belum diupdate. Mohon perbaiki. Update harus lebih baik bukan lebih buruk seperti ini.",2020-08-09 09:28:07,negatif
Pengguna Google,1,"Aplikasi luar,sampe bingung klo ada apa2 nya gmn...... Hadeh",2020-08-07 03:31:39,negatif
Pengguna Google,5,😇,2020-08-04 11:02:21,positif
Pengguna Google,2,Aplikasi sering error',2020-07-28 16:44:29,negatif
Pengguna Google,5,"Aplikasinya bagus dan mudah digunakan, memudahkan kuliah daring selama pandemi ini wkwkwk 😆",2020-07-23 17:09:00,positif
Pengguna Google,4,Bagus juga,2020-07-21 08:06:05,positif
Pengguna Google,5,Aplikasinya sangat membantu bagi mahasiswa,2020-07-19 13:32:07,positif
Pengguna Google,1,"Kenapa jawaban saya bisa berubah2 sendiri ya, tadinya A jadi B, sudah saya pastikan sampai berkali2 jawaban awal A nanti ketika dikumpulkan dan saya cocokkan lagi berubah jadi B. sangat disayangkan sekali karena mempengaruhi nilai",2020-07-16 08:28:08,negatif
Pengguna Google,5,Sudah baik..,2020-07-15 10:57:55,positif
Pengguna Google,4,Aplikasi yang sangat bagus untuk memantu kuliah online,2020-07-15 10:40:42,positif
Pengguna Google,1,Kenapa saya tidak bisa download file di edlink? Padahal sebelumnya saya tidak ad kendala di edlink .ehh sekarang tiba² edlink saya tidak bisa ngunduh file. Jadi kendala ke kuliah saya. Tolong bantuannya dong Min. Soalnya kalo saya download file dari mana pun kecuali edlink bisa semua. Kouta juga masih ada. Handphone saya realme 5i. Mohon bantuannya,2020-07-14 09:15:18,negatif
Pengguna Google,2,Gak bisa download file jenis document dan pdf,2020-07-13 16:36:45,negatif
Pengguna Google,5,Aplikasinya sangat membantu saya dalam belajar,2020-07-13 12:20:58,positif
Pengguna Google,1,"Jaringan internet saya lancar, tetapi stelah terbuka edlink sevima cuman loading di beranda tanpa memunculkan berita, kelas, dll. Jadi , saya gk bisa kumpulkan tugas",2020-07-10 22:58:34,negatif
Pengguna Google,2,"mengapa edlink sy tdk bs uploax tugas yaa? apakah blm support adro 10 ? atau yg bagaimana ?? karena tertera folder yg ada hanya ""storages"" tanpa ada pilihan internal ataupun external, mohon bantuannya",2020-07-04 10:10:10,negatif
Pengguna Google,1,Aplikasinya parah ancur nilai semester ini gara gara aplikasinya yang kaga jelas,2020-07-02 20:22:54,negatif
Pengguna Google,1,Kok edlink jadi jelek bgt. Bagusan sebelum di perbaharui tau.,2020-06-30 18:18:15,negatif
Pengguna Google,1,Tolong perbaiki untuk android 10 tidak bisa Download dan Upload File,2020-06-29 06:13:09,negatif
Pengguna Google,5,Okee,2020-06-27 13:40:20,positif
Pengguna Google,5,Sangat bagus untuk anak kuliah,2020-06-23 13:31:44,positif
Pengguna Google,5,"Bagus dan dapat berkomunikasi dengan siswa, sayangnya kapasitas penyimpanan/unggah file terbatas",2020-06-23 10:51:36,positif
Pengguna Google,2,"Kenapa ketika ujian, waktunya sudah tidka bisa dilihat?",2020-06-22 15:45:50,negatif
Pengguna Google,1,"Kenapa sih keluar terus, harus masuk lagi, dan susah banget masuknya😑",2020-06-21 19:29:34,negatif
Pengguna Google,4,4 dulu ya..soalnya baru coba..,2020-06-21 18:00:27,positif
Pengguna Google,2,Aplikasi selalu terhenti dan tidak bisa mendonload berkas,2020-06-19 19:14:00,negatif
Pengguna Google,1,"Kenapa akun edlink saya keluar sendiri? Padahal sekalipun nggak pernah saya log out, tetap dalam akun yang sama, tapi sekarang akun saya log out dengan sendirinya, bahkan saya coba masuk kembali lewat akun google, siakad bahkan email pun juga gk bisa semua. Tolong untuk developer diperbaiki lagi edlink nya, sangat terganggu bila terus seperti ini, mengganggu pelajaran dan absen yang akan dilakukan",2020-06-16 08:56:03,negatif
Pengguna Google,4,"Cukup lengkap fiturnya, lg dipelajari. Sperti edm*** saya suka ini smg edlink lebih baik lagi. Oh ya untuk menambahkan jenjang pendidikan jk SMK gimana ya..",2020-06-16 07:14:43,positif
Pengguna Google,2,"Tolong di update lagi, file setelah download tidak bisa dibuka di handphone",2020-06-15 14:12:46,negatif
Pengguna Google,5,sangat membantu dalam akses perkuliahan ..,2020-06-14 10:04:48,positif
Pengguna Google,1,Server rusak teroos perbaiki tuh server nggak mau di download lagi filenya dah lah males,2020-06-14 09:37:26,negatif
Pengguna Google,1,Penyimpananya terbatas,2020-06-12 12:52:20,negatif
Pengguna Google,4,Berikan pelayanan yg memuaskan dan berikan reward,2020-06-12 06:03:54,positif
Pengguna Google,4,"Aplikasinya bermanfaat, tapi sering eror",2020-06-11 13:12:14,positif
Pengguna Google,1,Tidak bisa dipakai jika tidak di update,2020-06-10 13:33:43,negatif
Pengguna Google,1,"Apk nya bohong nihh, aku berkali-kali masuk, komen, dll. Tpi kok presensi ku kosong, hmpir puluhan kali loh aku masuk n komen. Ktanya klo sudh masuk , komen dll presensi bkaln terisi otomatis.. Gak bener nihh",2020-06-10 13:17:23,negatif
Pengguna Google,1,"Tolong kepada pihak pengembang.. Saya sudah mendownload materi. Komen dll. Kenapa saya masih tidak terbaca mendownload, dan komen di absen dosen saya..... Tolong diperbaiki lagi.. Sangat mengganggu kami dalam penilaian. Dan saran saya juga ada notifikasi walaupun tdk saat membuka apk ini. Terima kasih...",2020-06-10 13:11:20,negatif
Pengguna Google,1,Tolong dong edlink di benerin ngirim tugas aja melebihi batas terus di hapus ga bisa makin susah di pake,2020-06-09 16:56:09,negatif
Pengguna Google,2,Tolonglah apknya di perbaiki lagi loadingnya lama sekali banyak makan waktu. Sehingga kuliah kami mengalami keterlambatan,2020-06-08 21:57:03,negatif
Pengguna Google,4,"Eddlink nyaman di pakai , tpi kalau untuk di pakai upload tugas , ruang tidak mencukupi trus pdahal foto cuma beberapa aja , dan berkas susah untuk dihapus ,",2020-06-08 20:25:02,positif
Pengguna Google,1,Sekarang sering error,2020-06-07 16:19:23,negatif
Pengguna Google,1,Kenapa makin susah edlinknya sudah diperbaharui,2020-06-05 11:30:36,negatif
Pengguna Google,1,Lemot,2020-06-03 12:31:14,negatif
Pengguna Google,1,Sekarang edkink bikin ribet menjak di oerbarui malah ga bisa dipake,2020-05-30 20:51:21,negatif
Pengguna Google,4,Toplah,2020-05-30 19:34:58,positif
Pengguna Google,1,Edlink susah untuk login/masuk padahal kuota internet saya baru saya isi dari semalam mau kumpul tugas susah banget dan pagi dicoba juga gak bisa masuk/login untuk kumpul tugas. Tolong diperbaiki aplikasi ini supaya membantu siswa/mahasiswa yang lagi kuliah online. Bad,2020-05-30 10:45:29,negatif
Pengguna Google,4,Kereenn🖒,2020-05-29 17:23:41,positif
Pengguna Google,5,Memudahkan dalam pembelajaran daring,2020-05-27 16:29:52,positif
Pengguna Google,4,Masih mencoba,2020-05-26 07:34:48,positif
Pengguna Google,5,"Maaf untuk komen sy yg tidak menyenangkan kemarin Sy hanya emosi karna sulit skali pada waktu ujian, skali lagi maaf Trimakasih🙏🏿",2020-05-23 11:23:40,positif
Pengguna Google,1,Aplikasi mulai kyk goblok hp gue bukan hp kentang tapi lolanya ngeri boss,2020-05-22 10:23:16,negatif
Pengguna Google,4,Memudahkan untk kuliah online.,2020-05-22 04:00:02,positif
Pengguna Google,1,Payah,2020-05-20 13:52:44,negatif
Pengguna Google,1,updatenya terlalu besar sehingga data pada hp tidak mencukupi sehingga terpaksa harus harus instalan apk lain.,2020-05-20 11:14:16,negatif
Pengguna Google,4,Sering Eror,2020-05-19 06:18:31,positif
Pengguna Google,5,Mantap dehh,2020-05-19 06:06:14,positif
Pengguna Google,1,Knpa ini ngak bisa buat ngirim file sih,2020-05-18 15:18:09,negatif
Pengguna Google,5,"Bagus sekali, sangat membantu mahasiswa",2020-05-18 14:42:10,positif
Pengguna Google,2,Rodo embuh iki,2020-05-18 10:48:21,negatif
Pengguna Google,1,"Terlalu sering memperbarui, jadi kelasku terhambat😖",2020-05-16 11:57:34,negatif
Pengguna Google,4,Apk sangat membantu saya dalam pembelajaran daring,2020-05-16 08:01:17,positif
Pengguna Google,2,"Setiap d refresh akunya selalu keluar minta login lagi, lebih enak pake yang lama",2020-05-16 07:26:58,negatif
Pengguna Google,5,"Kami sangat berterima kasih kpd aplikasi ini, karna aplikasi ini ada kami bisa kuliah",2020-05-16 07:17:45,positif
Pengguna Google,2,"Kenapa setelah di perbaharuui justru mempersulit pemakainya ? Kemaren kemaren aplikasi nya sangat membantu hlo. Saya bisa ngliat tugas udah dikumpulin belum,tugas yang ngumpulin siapa aja dan bisa diubah jika ada kesalahan. Setelah diperbaharui malah jadi ga nyaman. Ayolah support kita mahasiswa mahasiswi yang menggunakan aplikasi ini. Tolonggg bangett",2020-05-15 20:25:49,negatif
Pengguna Google,4,Apk nya bagus😊,2020-05-15 09:45:05,positif
Pengguna Google,4,Terima kasih membantu untuk pembelajaran secara daring,2020-05-15 08:53:27,positif
Pengguna Google,1,Penyimpanan ruangnya sedikit,2020-05-15 04:23:57,negatif
Pengguna Google,1,Pembaruan terus. Tidak sidarankan untuk mahasiswa kere macam saya.,2020-05-14 18:56:55,negatif
Pengguna Google,1,Bisa gak apk nya di apus dri play store? Gak guna soal nya lemot...,2020-05-14 13:51:34,negatif
Pengguna Google,1,Bikin pening mahasiswa tugas selalu numpuk di kejar waktu .awal nya si yes apknya lama lama kok loading lama ..,2020-05-14 13:39:14,negatif
Pengguna Google,1,B.aja,2020-05-14 13:29:29,negatif
Pengguna Google,2,"Disini saya kecewa dikarenakan Edlink susah dibuka kalo pake internetan dari kartu Indosat padahal kuota unlimited dipake buat medsos,game mobile,mbah google baik2 aja bahkan lancar kecepatan juga mbps giliran pake buat buka edlink malah loading terus, lemot kayak nggak ada kuota, malah kecepatan berubah 0,00 kbps, Parahhhh,,, terus juga kalo pake hp iPhone malah dibatesi mulai dari cara download tugas/kumpul tugas dll",2020-05-14 12:55:06,negatif
Pengguna Google,5,Sangat membantu di saat situasi pandemi seperti sekarang ini,2020-05-14 11:54:38,positif
Pengguna Google,5,"Kenalan ah, saya dari universtitas bale bandung 👏🙌",2020-05-14 11:27:38,positif
Pengguna Google,1,"Kenapa setelah diperbarui tambah jelek aplikasinya, bagusan edlink yg lama, mohon diperbaiki demi kenyamanan",2020-05-14 10:19:46,negatif
Pengguna Google,1,Kacau parah,2020-05-14 10:09:20,negatif
Pengguna Google,5,Sangat membantu perkuliahan,2020-05-14 04:51:19,positif
Pengguna Google,5,Bgus sekali,2020-05-13 23:42:09,positif
Pengguna Google,2,Kenapa ketika di perbaharui kita tidak bisa lagi melihat anggota kelas kita yang sudah mengumpulkan tugas?,2020-05-13 21:30:44,negatif
Pengguna Google,5,Aplikasi Ini Sangat Membantu Saya Dalam Berkuliah Online,2020-05-13 20:37:00,positif
Pengguna Google,5,Good App,2020-05-13 19:55:06,positif
Pengguna Google,5,"Setelah diperbaharui, aplikasi menjadi lebih baik. Sukses EdLink.",2020-05-13 17:05:55,positif
Pengguna Google,4,coba dulu,2020-05-13 16:03:12,positif
Pengguna Google,2,Aplikasi bermasalah,2020-05-13 15:28:27,negatif
Pengguna Google,5,mantappp,2020-05-13 15:07:11,positif
Pengguna Google,5,Sangat membantu sekali bagi siswa sampai mahasiswa,2020-05-13 14:59:03,positif
Pengguna Google,1,"Lemot, server nya kentang",2020-05-13 14:15:42,negatif
Pengguna Google,5,Aplikasinya bagus Dan sangat berguna untuk perkuliahan.,2020-05-12 13:13:34,positif
Pengguna Google,5,Setuju dan sangat bermanfaat bagi kami,2020-05-10 13:36:25,positif
Pengguna Google,4,Mohon d adakan notifikasi jika ada dosen yang mempost di edlink.. biar kami lebih cepat merespon,2020-05-07 12:05:56,positif
Pengguna Google,5,Great,2020-05-06 12:33:12,positif
Pengguna Google,2,Sering ada gangguan pada aplikasinya,2020-05-05 05:40:34,negatif
Pengguna Google,1,"Mengecewakan, sering down ga jelas",2020-05-04 14:41:44,negatif
Pengguna Google,5,Edlink sangat membantu dan berguna bagi mahasiswa untuk perkuliahan disaat dunia sedang dilanda waba virus corona/covid-19 ini. Terimakasih edlink 👍👍,2020-05-03 00:25:19,positif
Pengguna Google,1,Lemottttt payah,2020-05-02 19:00:01,negatif
Pengguna Google,5,"Banyak info yang dihadirkan menarik, mambantu perkuliahan Bagaimana cara singkronkan kelas akademik yang diikuti?",2020-05-01 13:05:34,positif
Pengguna Google,1,Buruk,2020-05-01 10:25:57,negatif
Pengguna Google,1,edlink lelet saat di akses janco,2020-04-30 22:55:10,negatif
Pengguna Google,1,"LEMOT AMAT SIH APLIKASI, JARINGAN BAGUS KOK NGADAT APLIKASI NYA.",2020-04-30 12:10:59,negatif
Pengguna Google,5,Terbaikkkk,2020-04-28 21:23:26,positif
Pengguna Google,1,ini gimana sih susah amat ngumpulin tugas lewat hp habis upload berkas susah ngirim nya harus lewat pc atau komputer dulu gk jelas menyusahkan,2020-04-28 20:44:54,negatif
Pengguna Google,1,"Lambat, telat ngumpulin tugas gara gara server down",2020-04-28 15:10:55,negatif
Pengguna Google,1,Aplikasi tolol ngebug mulu Maintenance mulu bisa apa sih,2020-04-28 14:28:05,negatif
Pengguna Google,1,Ngelag banget ga jelas,2020-04-28 12:12:15,negatif
Pengguna Google,2,"Kenapa cuma bisa upload gambar dan dokumen saja, saya mau upload video tapi tidak ada pilihan untuk kirim video",2020-04-27 15:52:06,negatif
Pengguna Google,1,kenapa gk bisa download aplikasi Edlink.. hanya yg keluar di layar bertulisan adalah terjadi kesalahan dalam pengambilan data. mqn karna dan mungkin sebab apa y,2020-04-24 16:35:45,negatif
Pengguna Google,1,Knapa saya kasih bintang satu. Karena nilainya tidak memuaskan eror Mulu aplikasinya saya udh bener semua tapi tetep nilainya 0,2020-04-24 07:07:49,negatif
Pengguna Google,5,"Kadang error , tapi lumayan tingkatkan",2020-04-22 15:51:14,positif
Pengguna Google,5,Sangat membantu saya dalam perkuliahan. Serta memperoleh informasi yang bermanfaat,2020-04-22 13:55:39,positif
Pengguna Google,1,"Gak ngerti lagi sih nih aplikasi gimana. Server sering down, lemott buat login pdhal signal mendukung, loading aja terus, sering error juga apalagi kalau soal ujian disertai gambar. Ya semoga kedepannya bisa lebih baik",2020-04-22 12:57:52,negatif
Pengguna Google,2,Hanya untuk mahasiswa,2020-04-22 08:23:09,negatif
Pengguna Google,5,"Mudah dalam belajar online , praktis dan efisien dakam berkomunikasi .....thank you very much edlink",2020-04-21 17:53:53,positif
Pengguna Google,5,Keren banget aplikasi ini bisa membuat kita mudah daalm pembelajaran online dengn dosen ... Edlink jaya,2020-04-21 12:05:02,positif
Pengguna Google,1,"Tolong update lagi dan perbaiki bug ketika sedang mengakses edlink via website , ketika kami mengetik , secara bersaman di forum kelas , saya sangat terganggu dengan fitur notice writing nya , itu akan menggangu dan memperlambat waktu ketika kita mengetik",2020-04-21 10:02:03,negatif
Pengguna Google,5,Aplikasi edlink sangat berguna / bermanfaat sekali dalam perkuliahan atau pengumpulan tugas,2020-04-21 09:41:05,positif
Pengguna Google,5,Ini sangat memudahkan dalam proses pembelajaran dan diskusi..,2020-04-21 08:46:14,positif
Pengguna Google,5,"Alhamdulillah aplikasi edlink ini sangat membantu proses pembelajaran via daring, sehingga tidak ketinggalan materi pembelajaran. Terimakasih Edlink atas dedikasinya 🙏",2020-04-21 08:18:09,positif
Pengguna Google,5,Lebih mudah di gunakan untuk perkuliahan apalagi ini daring jadi semua tugas d edlink pokok nya ada nya edlink semua tugas kuliah berjalan dengan baik,2020-04-21 07:16:06,positif
Pengguna Google,1,"Ya, aplikasi ini layak dicoba karena sangat membantu kami dalam melaksanakan perkuliahan pada situasi sekarang, yaitu situasi pandemi corona virus (covid-19). dimana dalam situasi sekarang kita dituntut untuk di rumah saja, bekerja dari rumah sdan belajar dari rumah. Oleh karena itu, aplikasi ini sangat membantu kami sebagai mahasiswa dalam melaksanakan perkuliahan. Terimakasih.",2020-04-20 12:20:57,negatif
Pengguna Google,1,"Maaf kasih bintang 1 aja, sebelum ada perbaikan. Karena setiap upload tugas nunggu nya bermenit"" bahkan keseringan gagal. Kalo bukan karena tugas kuliah. Kagak mau ngedownload.",2020-04-18 21:01:53,negatif
Pengguna Google,5,"Terima kasih apl edlink. dengan adanya aplikasi ini, saya dan teman-teman serta dosen merasa lebih terbantu, segala sesuatu nya dapat di terap kan di aplikasi ini demi keberlangsungan pembelajaran.🙏",2020-04-18 18:13:52,positif
Pengguna Google,5,Sangat Berguna banget dong y Edlink di tengah tengah wabah corona 💕 terimakasih sudah hadir,2020-04-18 13:29:48,positif
Pengguna Google,5,Apkl edlink sangat berguna bagi mahasiswa dan mahasiswi . Apalagi dengan kondisi sekarang kita sedang menghadapi .bencana yang .luar biasa.Maka dari itu kita. Harus stay di rmah aja ya .hal tersebut dapt membantu tenaga medis dan pemerintah.namun hal tersebut tdk membatasi kta untuk terus belajar .dengan adanya .apkl edlink ini kita. Bisa melakukan perkuliahan seperti biasa meskipun kita tdk.bisa berhadap muka .secara langsung namun proses ngajar mengajar tetap kami lakukan dgn edlink lebih muda,2020-04-17 14:21:13,positif
Pengguna Google,5,Membatu,2020-04-17 11:09:28,positif
Pengguna Google,5,"Yaaah, good lah sebagai aplikasi penunjang kuliah online saat pandemi covid-19 saat ini. Walaupun ada beberapa kekurangannya tapi mantap lah",2020-04-17 07:35:59,positif
Pengguna Google,5,Edlink ini sangat membantu saya saat belajar di rumah,2020-04-16 11:44:18,positif
Pengguna Google,5,Aplikasi terkeren untuk ngampus😉,2020-04-16 08:04:37,positif
Pengguna Google,4,"Aplikasi edukasi edlink ini cukup bagus, mempermudah mahasiswa jika mendapat tugas dari dosen, aplikasinya cukup lengkap juga bisa mengirim lampiran memudahkan mengunggah juga bagus pokoknya mantappu djiwa",2020-04-15 21:06:12,positif
Pengguna Google,5,Aplikasi sangat berguna bagi mahasiswa jadi tahu informasi setiap saat dan setiap waktu.... 👍👍👍👍,2020-04-15 17:31:00,positif
Pengguna Google,5,"sangat membantuu👍 semoga terus berkembang, semangaat tim🤗",2020-04-15 15:32:41,positif
Pengguna Google,5,"Edlink sangat berguna banget untuk perkuliahan. Apalagi sekarang harus #stayathome jadi bisa sangat sangat membantu mahasiswa dan dosen dalam melakukan interaksi secara online dalam penyampaian materi kuliah. Sistem nya juga bagus, seperti mempermudah dosen dalam meng-absen mahasiswa yang sudah login dan membuka materinya, keliatan siapa yang ngumpul tugas pertama sampai yang terakhir, bisa liat nilai kita gimana secara detailnya berapa. Sistem nya terperinci deh pokoknya, jadi gampang aksesnya.",2020-04-15 11:25:41,positif
Pengguna Google,2,Jelek bettt,2020-04-15 09:51:53,negatif
Pengguna Google,5,"Aplikasi EdLink sangat membantu dalam situasi perkuliahan daring selama pandemi Covid19. Harapannya semoga aplikasi ini terus ditingkatkan fitur-fiturnya sehingga mampu menjawabi kebutuhan proses pendidikan secara komprehensif. Terimakasih, EdLink keren !",2020-04-15 08:45:36,positif
Pengguna Google,5,Luar biasa 👍👍👍👍👍 .,2020-04-15 03:55:19,positif
Pengguna Google,5,Aplikasih kenapa yaaa? Kok susah di download ..bikin susah saja,2020-04-14 16:03:03,positif
Pengguna Google,5,"Tingkatkan terus min, sangat membantu dalam perkuliahan, aplikasi nda ribet mudah di mengerti, dan sangat cocok bagi yang masih awam , sangat suka",2020-04-14 14:41:01,positif
Pengguna Google,5,"Aplikasi Edlink sangat bermanfaat bagi semua peserta didik. Contohnya saja mengenai informasi Perguruan Tinggi yang memberikan beasiswa. Jadi adik-adik SMA yang akan tamat tahun ini, jangan pusing-pusing lagi untuk mencari Perguruan Tinggi mana yang memberika beasiswa, instal saja aplikasi edlink dan di sana akan ada petunjuk untuk adik-adik 😉. Bukan hanya itu saja, melalui aplikasi edlink ini juga kita bisa mengikuti KULON dengan para dosen lho. Seru banget lho",2020-04-14 14:25:57,positif
Pengguna Google,5,Edlink sangat berguna bagi perkuliahan saya.,2020-04-14 13:00:42,positif
Pengguna Google,5,"Edlink sangat membatu sekali dalam kuliah online, aplikasinya mudah diakses kapanpun terimakasih edlink",2020-04-14 12:52:12,positif
Pengguna Google,1,App ini tdk bisa utk pc ya? Saya download utk pc sama sekali tdk bisa,2020-04-14 11:25:51,negatif
Pengguna Google,5,Bisa lanjut belajarnya meski terhalang covid_19,2020-04-14 11:25:41,positif
Pengguna Google,5,"ketika kebijakan kampus meliburkan mahasiswa karena pandemi corona, bingung mencari solusi untuk belajar online bersama di rumah,? Kini edlink menjadi solusinya, apk ini sangat membantu bagi dosen dan juga mahasiswa untuk berinteraksi kembali dan berdiskusi. Semoga edlink terus mensupport dalam kegiatan belajar bagi kami para mahasiswa yang tidak bisa beljar tatap muka karena adanya pandemi corona. Succes for edlink.",2020-04-14 10:48:27,positif
Pengguna Google,5,"Edlink sangat inovatif, mambantu dan mempermudah perkuliahan mahasiswa terutama dalam sistem pembelajaran e-learning",2020-04-14 10:25:35,positif
Pengguna Google,5,Trimakasih berkat adanya edlink saangat membantu perkuliahaan saya selama dirumah aja,2020-04-14 10:19:35,positif
Pengguna Google,5,"Edlink sangat berguna, Khususnya bagi saya sebagai mahasiswa apalagi sekarang lagi musim-musimnya kuliah online uuuh pokonya edlink sangat berguna👍👍👍",2020-04-14 10:10:31,positif
Pengguna Google,5,"Dengan adanya aplikasi Edlink ini,semua pelajar,mulaui dari tingkat SD sampai perguruan tinggi sangat terbantu dan berterima kasih,semoga Edlink makin meningkat dalam pelayanan maupun fitur-fitur nya, aamiin",2020-04-14 10:08:56,positif
Pengguna Google,5,Edlink sangat membantu dalam perkuliahan... Seolah tak ada jarak yang memisahkan & bisa mengambil posisi paling PW saat mengikuti kelas😁😁😍😍,2020-04-14 09:05:21,positif
Pengguna Google,5,"Edlink sangat membantu banget bagi perkuliahan, utamanya saat ada tugas dari dosen, gampang cara ngumpulin tugasnya",2020-04-14 08:44:33,positif
Pengguna Google,5,"Belajar tdk mengenal usia dan situasi, asal ada kemauan dan semangat semua jadi mudah",2020-04-14 08:24:34,positif
Pengguna Google,5,"Alhamdulillah, dengan adanya EdLink ini perkuliahan daring menjadi lancar, karena di EdLink pembelajaran mata kuliah semakin mengasyikkan, bisa dapat pengalaman baru untuk perkuliahan online. Dengan berbagai macam metode, bisa melalui video, penugasan online, bahkan bisa mengunduh materi yang sudah di upload oleh dosen. Jadi, tidak ada alasan lagi untuk tidak mengikuti perkuliahan daring ini. Semoga, edLink semakin bermanfaat bagi semua orang, terutama bagi anak² di Indonesia.",2020-04-14 08:22:59,positif
Pengguna Google,4,"Apps for study from home yg sangat mudah digunakan dan tidak menghabiskan kuota data yg banyak pastinya 😍 kuliah memang tidak mudah mau secara langsung ataupun via online. But it's not problem karena ada EdLink, karena tidak ada yg sempurna di dunia ini 🥰",2020-04-14 08:08:17,positif
Pengguna Google,5,"Terimakasih untuk edlink yang dapat membantu saya untuk dapat menjalankan perkuliahan seperti biasa. Untuk edlink semoga untuk fitur "" nya dapat berkembang terus dan ada fitur "" baru lagi agar dapat memudahkan lagi . ☺️☺️☺️",2020-04-14 07:01:12,positif
Pengguna Google,5,"Terima kasih SEVIMA EDLINK. ini sangat membantu loh dalam proses belajar kami, apalagi saat ini mahasiswa di disemntarakan untuk belajar di rumah akibat Wabah/peyakit dari Covid-19 yang semakin meningkat. SEVIMA EDLINK juga efektif untuk belajar tanpa perlu bertatap muka karna kini sudah tersedia Vidio conference.Dimana dosen bisa memberikan materi serta menjelaskan layaknya seperti belajar di kampus. Untuk SEVIMA EDLINK tetap berikan karya-kary terbaru dan menarik untuk kita ya. Makassih🤗😊",2020-04-14 02:19:43,positif
Pengguna Google,4,☺️tingkatkn lg,2020-04-14 01:02:34,positif
Pengguna Google,5,Edlink semangkin mantap,2020-04-13 22:19:07,positif
Pengguna Google,4,"Daftar Problem: 1. Saat kirim lampiran foto pada kotak jawaban ketikan, foto malah tidak terbaca pada penerima 2. Kadang tidak dapat notifikasi saat dosen update materi",2020-04-13 21:32:56,positif
Pengguna Google,4,"Edlink adalah Aplikasi pembelajaran online yang sangat memudahkan mahasiswa dan dosen saling terhubung dalam 1 genggaman android. Fitur nya lengkap. Dosen bisa upload materi, tugas (ada dedline nya), dpt membuat kuis online jg bisa menerangkan materi ke mahasiswa melalui Edlink yang sudah terhubung ke Zoom. Mahasiswa pun bisa lebih fleksibel dalam perkuliahan. Ada absensi, lihat nilai, upload tugas,profil. Era revolusi industri 4,0. Edlink pilihan tepat. Masalahnya saat terjadi gangguan server.",2020-04-13 21:21:37,positif
Pengguna Google,5,"5 bintang buat aplikasi ini, sgt mmudahkan kgiatan belajar mengajar, lwt apk ini dosen & mahasiswa bs berinteraksi scr online. Aplikasi ini simple digunakan mudahx akses tgs, file lampiran, serta kolom komentar beri jawaban.. Sebenarnya edlink ini sangat memperlihatkan bhw cara belajar pd zaman skrg tdk hnya dgn mndegarkan guru depan kelas namun kita bisa memanfaatkan apk ink untuk media pembelajaran langsung, bs saling komunikasi. Mengenai apk ini yaitu kadang tdk dpt diakses terhubung",2020-04-13 21:00:57,positif
Pengguna Google,5,Saya berterima kasih kepada sevima edlink karena edlink membantu ku di universitas dalam keadaan sekarang sangat membantu membuat tugas terima kasih edlink,2020-04-13 20:03:58,positif
Pengguna Google,5,Baik utk memfasilitasi kuliah online,2020-04-13 19:54:39,positif
Pengguna Google,4,"Giveaway_agus Bastomi_sebenarnya ini aplikasi ya lumayan bagus,,cukup membantu bagi mahasiswa,,namun masih perlu adanya notifikasi di setiap jadwal kuliah dan tugas kuliah,,misalnya 1 jam sebelum kuliah dimulai dan waktu tugas dikumpul",2020-04-13 19:33:22,positif
Pengguna Google,5,"EdlinkGiveaway_Hidayatullah_Pertama-tama saya berterima kasih kepada aplikasi Edlink, karna berkat aplikasi ini proses belajar mengajar di kampus saya masih berjalan dengan lancar dan aplikasi ini juga dapat mengatasi penyebaran virus covid-19, khususnya di tempat sekolah dan kampus/universitas. Semoga aplikasi ini tetap maju kedepannya dan sukses selalu...",2020-04-13 18:26:12,positif
Pengguna Google,5,"""Aku tanpa mu akan sia sia"" semangat Edlink",2020-04-13 17:11:35,positif
Pengguna Google,5,"Zaman sekarang proses belajar mengajar Online yang simple dan Efektif cuma di Edlink mudah diakses kapanpun dan dimanapun, Banyak informasi yang bisa didapatkan di edlink dan yang jelas Up to Date !",2020-04-13 16:28:56,positif
Pengguna Google,5,"EdlinkGiveaway_FiktorSembiringPandiya_dibikin happy aja bray,edlink buat lu mempermudah belajar, dan terima notifikasi, saat lu lagi #dirumahaja",2020-04-13 15:58:25,positif
Pengguna Google,5,"Aplikasi Edlink ini sangat membantu dalam proses belajar jarak jauh saya dikarenakan kita dapat belajar dimanapun, selain itu aplikasi Edlink juga mudah pengoperasian nya sehingga murid dapat mudah untuk memahami materi pembelajaran dan membuat proses pembelajaran lebih efektif",2020-04-13 15:55:58,positif
Pengguna Google,5,edlink terbaik . karena bisa memantau segala pelajaran di berbagai tempat dan memantau nilai supaya bisa memperbaiki atau mempertahankan nilai menjadi yg terbaik dari yg terbaik,2020-04-13 15:32:16,positif
Pengguna Google,5,#edlinkGiveaway_Muhajirah aplikasinya Sangat menarik dan mudah untuk di pahami memudahkan kami mahasiswa untuk tetap menjalankan dan mengerjakan tugas dengan baik dalam situasi social distancing ini terimakasih,2020-04-13 15:26:07,positif
Pengguna Google,5,Mudah-mudahan EdLink bisa menjadi aplikasi khusus untuk mahasiswa dan dapat kuota gratis dari EdLink.,2020-04-13 15:24:59,positif
Pengguna Google,2,Loading teruuuuus ga kebuka buka,2020-04-10 13:32:01,negatif
Pengguna Google,1,Terima kasih edlink tolo* Karena aplikasi ini Tugas saya tidak terkumpul,2020-04-09 13:13:14,negatif
Pengguna Google,4,Bagus tapi kok tidak bisa di download?,2020-04-09 08:45:36,positif
Pengguna Google,1,kurang efektif masa saya sudah daftar di suruh daftar lagi kalau mau login sering eror,2020-04-09 07:40:32,negatif
Pengguna Google,1,Aplikasinya sering lemot dan eror... Membuat kepala mahasiswa jd pusing dengan aplikasi ini,2020-04-08 23:47:37,negatif
Pengguna Google,1,"Tlg dicamkan dan dibaca baik"", upload file lama, sering ngebug. Tolong segera dibenerin. Ni apk penting buat mahasiswa, jadi tlg segera difix masalahnya. Jgn cuman dibaca doang.",2020-04-08 20:12:10,negatif
Pengguna Google,1,"Tolong difix, dan tolong dibaca dan dicamkan baik"". Apk sering ngebug, merugikan mahasiswa, upload file lama banget. Tolong dibenerin yg bener supaya ngga merugikan banyak orang, ni aplikasi ptg buat mahasiswa tlg di fix yg bener.",2020-04-08 20:09:57,negatif
Pengguna Google,1,"Terkadang masih sering eror saat mengerjakan ujian, terimakasih",2020-04-07 12:56:38,negatif
Pengguna Google,1,Ini aplikasi mesti di perbaiki sering banget server error,2020-04-07 04:34:20,negatif
Pengguna Google,1,Aplikasi Error👎,2020-04-06 20:46:43,negatif
Pengguna Google,1,"Aplikasi kontol, dikit dikit update",2020-04-06 16:05:17,negatif
Pengguna Google,1,Ngelag,2020-04-06 15:04:30,negatif
Pengguna Google,4,Mumudahkan untuk belajar online,2020-04-06 09:19:56,positif
Pengguna Google,5,So good is aplikasi for study,2020-04-06 07:58:37,positif
Pengguna Google,1,Kok bentar2 updet .terus abis di update malah ga bisa tersambung ke server,2020-04-06 07:51:31,negatif
Pengguna Google,1,tidak konsisten waktu penampilan news,2020-04-06 06:14:25,negatif
Pengguna Google,1,Kenapa saya tidak bisa terhubung ke server?,2020-04-06 05:02:07,negatif
Pengguna Google,2,"Kak kenapa saya tidak bisa masuk ke aplikasi nya, ?",2020-04-05 21:37:23,negatif
Pengguna Google,1,Tolong perbaiki server saya tidak bisa buka edlink,2020-04-05 20:58:43,negatif
Pengguna Google,5,Sangat bagus dan membantu,2020-04-05 17:29:03,positif
Pengguna Google,2,Tolong diperbaiki. Kenapa malah gag bisa masuk. Pas masuk muncul kata2 tidak dapat menghubungkan ke server.,2020-04-05 16:21:12,negatif
Pengguna Google,5,"Sangat membantu, mksh",2020-04-04 08:42:15,positif
Pengguna Google,1,Tidak dapat unduh,2020-04-03 19:54:21,negatif
Pengguna Google,2,Servernya sering down... Sebaiknya diperbaiki dulu.. bukan karena kendala signal dan handphone yang kurang bagus😖😖,2020-04-02 13:38:27,negatif
Pengguna Google,5,Terima kasih sangat membantu,2020-04-02 07:20:27,positif
Pengguna Google,5,Mantabbbb.,2020-04-01 13:47:12,positif
Pengguna Google,1,Force close terus,2020-04-01 11:54:21,negatif
Pengguna Google,5,Sangat membantu banget...,2020-03-31 21:38:30,positif
Pengguna Google,2,Susah didownload,2020-03-31 12:49:56,negatif
Pengguna Google,1,Susah upload tugas,2020-03-31 07:34:03,negatif
Pengguna Google,4,Bagus sekali tapi kenapa tiba-tiba edlink nya berhenti,2020-03-30 20:58:40,positif
Pengguna Google,1,Feeling good,2020-03-30 13:41:44,negatif
Pengguna Google,1,Error mulu... Gak guna,2020-03-29 17:43:18,negatif
Pengguna Google,5,Belajar makin tambah asyik m jga mkin hemat waktu....belajar bsa dlakukan dmaja aja....ma ksih.....,2020-03-28 17:18:40,positif
Pengguna Google,2,"Siswa tidak bisa kirim jawaban, tulisan ""Aplikasi terus berhenti""",2020-03-27 04:22:14,negatif
Pengguna Google,5,Tolong munculkan notif aplikasi apabila pengajar menambahkan quiz atau materi baru,2020-03-26 23:42:42,positif
Pengguna Google,4,Semoga bisa lebih baik lagi appnya Skrg udh bisa pakai video dan kuis,2020-03-26 21:01:40,positif
Pengguna Google,1,App jelek server sering down,2020-03-26 19:08:19,negatif
Pengguna Google,4,Kok aplikasinya eror ya,2020-03-26 16:18:48,positif
Pengguna Google,2,Parah jawab uts pilihan ganda pas milih jawaban malah bug gk bisa di pencet trus malah kembali ke beranda,2020-03-25 19:18:17,negatif
Pengguna Google,4,"Edlink keren, sangat terbantu dalam belajar online dengan dosen, mudah dan sangat praktiss. Semoga tetap dikembangkan",2020-03-25 15:28:16,positif
Pengguna Google,2,Suka eror server nih kamperet....,2020-03-25 08:05:55,negatif
Pengguna Google,1,"Sangat buruk, sering banget sistem gagal, ngerugiin saat ngumpulin tugas jadi telat nilai jelek, padahal udah pindah koneksi, pindah 2 laptop 3 hp tetep sama semua. Parahhhh not recomended",2020-03-24 22:20:16,negatif
Pengguna Google,5,Membantu untuk kegiatan perkuliahan di perguruan tinggi. Trims tim sevima.,2020-03-24 20:05:03,positif
Pengguna Google,1,Error terus,2020-03-24 19:20:59,negatif
Pengguna Google,5,Aplikasi nya sangat membantu mahasiswa,2020-03-24 18:09:42,positif
Pengguna Google,4,"Masih banyak bug,tolong cepat di atas",2020-03-24 16:56:43,positif
Pengguna Google,1,Broken.,2020-03-24 10:11:12,negatif
Pengguna Google,2,"Mohon maaf, kurang user friendly🙏🏻",2020-03-24 10:10:31,negatif
Pengguna Google,1,Dosennya ngasih tugas suka seenaknya padahal belum di jelasin,2020-03-23 17:42:37,negatif
Pengguna Google,5,Sangat membantu sy sebagai dosen dalam kuliah online krn darurat covid 19,2020-03-23 17:14:36,positif
Pengguna Google,1,Setiap login terdapat tulisan edlink telah berhenti padahal udah pasang copot terus tetap seperti itu mohon diperbaiki,2020-03-23 16:55:04,negatif
Pengguna Google,1,Kenapa aplikasi edlink susah dibuka padahal sudah menggunakan wifi. Tolong segera untuk ditindak lanjuti,2020-03-23 12:34:33,negatif
Pengguna Google,5,"sangat membantu sekali, user friendly",2020-03-23 05:02:42,positif
Pengguna Google,5,good......sangat sngat membantu dan terintegrasi dengan siakad kampus,2020-03-23 00:53:57,positif
Pengguna Google,5,Insyaallah baik,2020-03-22 20:01:36,positif
Pengguna Google,5,Mantap saya suka,2020-03-22 19:49:37,positif
Pengguna Google,5,Very good...ditingkatkan dalam menjawab pertanyaan di group2 sevima... Mungkin pada saat kita bertanya itu dalam situasi yang urgent... Walaupun belum mewakili jawaban Setidaknya sudah ada tanggapan dari tim sevima...terima kasih,2020-03-22 19:47:14,positif
Pengguna Google,1,"Aplikasi blom optimal blum layak untuk publik, semoga lebih di improve lagi terimakasih",2020-03-22 19:46:09,negatif
Pengguna Google,5,"aplikasi pembelajaran ini sangat berguna, sebab bisa digunakan baik di hp android maupun web browser, membantu kami dalam meng aplikasikan kuliah daring, meskipun kampus kecil masih bisa ikuti perkembangan cara pembelajaran, berkat edlink 👼👼",2020-03-22 19:46:07,positif
Pengguna Google,5,"Terima kasih ed-link sudah membantu proses belajar mengajar, sedikit saran kalau bisa tetap ada pertmuan kelas melalui video free nya (durasi dibatasi) hehehe",2020-03-22 19:42:19,positif
Pengguna Google,5,"Bagusss bgt apk nyaa, kuliah jdi lebih mudah",2020-03-22 19:23:28,positif
Pengguna Google,5,Semoga lebih baik..,2020-03-22 19:22:03,positif
Pengguna Google,5,Semoga cukup membntu,2020-03-22 19:16:30,positif
Pengguna Google,5,sangat bermanfaat untuk dosen dan mahasiswa proses belajar mengajar dpt dilaksanakan dengan optimal.,2020-03-22 19:13:32,positif
Pengguna Google,1,Aplikasi idiot sampah,2020-03-22 16:31:21,negatif
Pengguna Google,1,Aplikasi terkutuk!,2020-03-22 16:21:35,negatif
Pengguna Google,2,Kita coba dulu klo memuaskan kita tambahkan lagi bintangnya,2020-03-22 01:08:15,negatif
Pengguna Google,1,awaknya cukup menyulitkan dan perlu adaptasi,2020-03-21 15:22:55,negatif
Pengguna Google,1,Saya tidak bisa masuk edlink. Udah di upgrade padahal tapi pas masuk kok gk bisa ya? Udh di instal ulang ttp aja gk bisa masuk,2020-03-20 21:01:38,negatif
Pengguna Google,5,"Saya tidak bisa masuk padahal Akun Email saya aktif, tolong di bantu cara daftarnya bagaimana?",2020-03-20 02:02:06,positif
Pengguna Google,4,Perbarui aja trus :/,2020-03-19 19:14:53,positif
Pengguna Google,4,"Selamat sore admin, saya mau bertanya kenapa kita tidak bisa untuk melakukan video confrence, mohon bantuan nya Trima kasih",2020-03-19 14:44:28,positif
Pengguna Google,2,Aplikasi ini setelah di update kalau mau di pakai jadi lemot,2020-03-19 10:38:33,negatif
Pengguna Google,1,Susah di atur,2020-03-18 20:51:21,negatif
Pengguna Google,1,Aplikasinya gak bisa dibuka,2020-03-18 20:22:04,negatif
Pengguna Google,5,👍👍👍👍👍👍👍👍👍👍👍👍👍👍👍,2020-03-18 14:35:53,positif
Pengguna Google,2,kenapa gabisa masuk setiap mau masuk ada tulisan TIDAK DAPAT MENGHUBUNGKAN KE SERVER padahal HP saya versinya 5.1.1,2020-03-18 11:43:07,negatif
Pengguna Google,2,Mohon petunjut edlink sudah ter download tapi tidak bisa diinstal!!,2020-03-18 11:13:40,negatif
Pengguna Google,2,Server y lelet,2020-03-18 10:56:38,negatif
Pengguna Google,1,Astagaa kacau parah aplikasi ini.. menyusahkan sungguh.,2020-03-18 09:48:19,negatif
Pengguna Google,5,aplikasi bagus.. mana suara anak tuamang,2020-03-18 08:46:29,positif
Pengguna Google,1,"Edlink nya eror, kagak bisa nyisipkan file. Uda di instal ulang tetep aja. Bikin ngenes! menyebalkan! Edlink payah!",2020-03-18 02:05:20,negatif
Pengguna Google,2,Kenapa tidak bisa dihubungkan ke kampus saya padahal udah di coba berkali kali tetep aja ga bisa,2020-03-17 22:48:58,negatif
Pengguna Google,1,Saya sudah mencoba dftar tapi email verifikasi tidak ada masu ke email saya,2020-03-17 20:11:35,negatif
Pengguna Google,2,Perbaharui aplikasinya karena server sering down. Sangat tidak membuat nyaman,2020-03-17 09:47:54,negatif
Pengguna Google,1,Kenapa setiap mau kirim tugas suka ada kata kata (tidak tersambung ke server)?? Tolong di perbaiki sekarang kan semua nya lagi libur jadi bisa aja ngirim tugas pake ini!,2020-03-17 09:15:43,negatif
Pengguna Google,5,Terpaksa gue download😥😥,2020-03-17 08:22:11,positif
Pengguna Google,2,"Dosen tdk bisa menambahkan mahasiswanya, Krn tidak semua mhs mengerti proses-proses yang dianggap menyulitkan. Akun mahasiswa juga tidak bisa menambahkan dosennya di kelas.",2020-03-17 06:11:23,negatif
Pengguna Google,1,"ketika ingin bergabung ke kelas dengan kode QR itu lama skali, lemot, pdhl sdh memakai WiFi. Hp saya jg termasuk hp jaman skrng yaitu pocophone f1",2020-03-16 21:46:05,negatif
Pengguna Google,5,Apakah bisa ganti universitas ketika salah masukin univ nya please respon??,2020-03-16 19:43:21,positif
Pengguna Google,5,Memudahkan,2020-03-16 12:07:35,positif
Pengguna Google,5,Aplikasi sangat membantu,2020-03-16 10:03:17,positif
Pengguna Google,1,"Saya memberi bintang 1, karna apsnya belum bisa terinstal dan selalu gagal,-",2020-03-16 05:37:12,negatif
Pengguna Google,1,Susah utk konfirmasi sehingga tdk bisa masuk,2020-03-15 18:17:39,negatif
Pengguna Google,1,ADA KAMU LIBURANKU TERGANGGU,2020-03-15 16:08:32,negatif
Pengguna Google,5,"Kelihatan ok, mau tanya bagaimana caranya supaya kampus bisa link ke dosen kemudian ke mahasiswa dengan aplikasi ini",2020-03-14 21:56:00,positif
Pengguna Google,1,Apk nya kurang bagus karna hanya menampung 20 jawaban.,2020-03-12 21:57:10,negatif
Pengguna Google,1,Kode yg dikirimkan ke email lama,2020-03-12 21:56:20,negatif
Pengguna Google,4,Good aplikations,2020-03-12 14:15:50,positif
Pengguna Google,1,Sya masi berikan bintang 1 karena blm juga bisa di buka aplikasinya. Mohon di jelaskan.,2020-03-08 08:47:32,negatif
Pengguna Google,5,Sangat membantu proses perkuliahan,2020-03-05 07:08:19,positif
Pengguna Google,1,Kenapa susah sskali untuk di download? Dari kemarin tulisannya menunggu didownload. Pdhl memori dan kuota masih ada,2020-03-04 16:35:25,negatif
Pengguna Google,4,Kasih bintang empat dulu,2020-03-04 14:49:18,positif
Pengguna Google,4,"Sangat membantu,",2020-03-03 09:17:13,positif
Pengguna Google,5,Sangat Membantu Sekali Dalam Pengajaran Kelas,2020-03-03 08:57:45,positif
Pengguna Google,5,Tabssssss,2020-03-02 16:48:25,positif
Pengguna Google,5,Aplikasinya sangat mendukung pembelajaran kami,2020-03-02 16:03:34,positif
Pengguna Google,5,Update nya sering tdk bareng dengan device lain,2020-03-02 15:27:30,positif
Pengguna Google,5,Mudah dibuka dan untuk diterapkan. Saran dibuat lebih mudah lagi dan tetap continous improvement.,2020-02-26 09:50:41,positif
Pengguna Google,2,agak susah,2020-02-19 06:17:38,negatif
Pengguna Google,5,Sangat membantu dalam meningkatkan efektivitas kerja di kelas dan luar kelas.,2020-02-18 14:58:46,positif
Pengguna Google,4,"Saran buat sevima, coba tambahkn menubcetak rekap BAP dan Presensi pada akun dosen",2020-02-17 05:37:58,positif
Pengguna Google,5,Mudah dan membantu,2020-02-13 19:01:00,positif
Pengguna Google,5,Mantap..,2020-02-12 13:33:01,positif
Pengguna Google,5,Good app...,2020-02-10 18:22:13,positif
Pengguna Google,2,Terlau sering update,2020-02-07 16:38:02,negatif
Pengguna Google,5,App yang bagus,2020-02-07 04:52:16,positif
Pengguna Google,1,Gabisa login,2020-02-04 16:16:12,negatif
Pengguna Google,5,Baik Sekali,2020-02-02 20:34:12,positif
Pengguna Google,1,"Lemot, tidak responsif. Sangat tidak merekomendasikan aplikasi ini",2020-01-31 11:30:08,negatif
Pengguna Google,5,Cek nilai hasil uts,2020-01-30 22:22:13,positif
Pengguna Google,5,Waw,2020-01-28 18:08:42,positif
Pengguna Google,5,Aplikasi nya bagus dan memudahkan untuk pengecekan nilai,2020-01-25 00:29:32,positif
Pengguna Google,4,Bagus dan bermanfaat,2020-01-24 19:22:54,positif
Pengguna Google,5,Tolong dong kenapa tidak bisa update,2020-01-12 15:32:38,positif
Pengguna Google,5,Sangat membantu dalam tugas kuliah ... Jadi kita dapan mengerjakan tugas kuliah kapan pun dan dimanapun...thanks,2020-01-03 12:32:44,positif
Pengguna Google,5,",😇",2019-12-13 07:22:34,positif
Pengguna Google,1,"sangat sangat menyebalkan,,, mengrjakan tugas jdi terhambat tidak bisa copy pas dengan baik... perbaiki lagi deh klau bisa di update hrusnya bguss ini malah MAKIN BURUK...",2019-12-12 21:33:22,negatif
Pengguna Google,1,Update mulu,2019-12-11 11:20:25,negatif
Pengguna Google,4,"Saya tidak bisa log in, padahal sudah mendaftar. Selalu ada notif ""Sayangnya EdLink telah berhenti"". Apakah sistem hp saya memang tidak cocok untuk aplikasi ini? Mohon solusinya Terimakasih untuk solusinya, saya harap kedepannya semua bisa menggunakan aplikasi EdLink tanpa hambatan",2019-12-10 12:01:07,positif
Pengguna Google,4,Membantu sekali aplikasi nya,2019-11-20 20:01:21,positif
Pengguna Google,5,Mantap sangat bermanfaat,2019-11-20 12:24:09,positif
Pengguna Google,5,Sudah sangatt memadai untuk pembelajaran dikelas yg saya kelola saat ini,2019-11-17 13:56:45,positif
Pengguna Google,4,Mantaaaaapppppp👍👍👍,2019-11-15 20:43:09,positif
Pengguna Google,1,Minta pembaharuan Mulu,2019-11-15 19:12:08,negatif
Pengguna Google,5,Belum pham,2019-11-15 06:11:52,positif
Pengguna Google,5,beri saya nilai,2019-11-14 14:50:49,positif
Pengguna Google,4,Banyak kemudahan karena menggunakan EdLink,2019-11-07 07:25:56,positif
Pengguna Google,5,Sangat membantu mahasiswa dan membuat mereka menjadi produktif,2019-11-04 19:00:23,positif
Pengguna Google,5,5 manwa,2019-11-02 19:07:56,positif
Pengguna Google,5,Bagus baunaget..,2019-10-31 21:36:03,positif
Pengguna Google,5,Sip bagus jos,2019-10-30 13:00:10,positif
Pengguna Google,1,Kenapa harus terua diperbarui,2019-10-29 11:19:11,negatif
Pengguna Google,4,"Maaf mau tanya kenapa tidak bisa masuk. Udah daftar (udah punya akun) cuma ga bisa masuk. Note:""tidak bisa masuk ke server"" Kenapa ya?",2019-10-29 09:32:12,positif
Pengguna Google,1,mayan,2019-10-28 17:56:52,negatif
Pengguna Google,1,Kenapa nge update terus ? Mana susah lg,2019-10-28 17:45:39,negatif
Pengguna Google,1,Gasuka,2019-10-26 16:19:46,negatif
Pengguna Google,2,Kepo banget dah,2019-10-24 15:15:51,negatif
Pengguna Google,5,Okey,2019-10-24 15:15:00,positif
Pengguna Google,2,Ketika tidak bisa masuk muncul notif edlink terhenti,2019-10-24 14:09:40,negatif
Pengguna Google,1,Tdk bisa pake pas mau daftar lngsng muncul notifikasi 'unfortunatelly edlink has stopped' gimna solusinya?,2019-10-22 23:19:15,negatif
Pengguna Google,1,kaga bisa login bray.,2019-10-21 17:38:35,negatif
Pengguna Google,5,Daebak,2019-10-16 10:04:55,positif
Pengguna Google,5,Mantap bajotz,2019-10-14 12:42:32,positif
Pengguna Google,5,Sangat mwmbantu,2019-10-09 15:22:37,positif
Pengguna Google,5,Membantu mahasiswa lebih disiplin,2019-10-08 08:34:55,positif
Pengguna Google,4,Cukup,2019-10-07 22:09:17,positif
Pengguna Google,5,Sip,2019-10-05 11:45:04,positif
Pengguna Google,1,👎👎,2019-10-05 08:24:01,negatif
Pengguna Google,5,Baik sekali,2019-10-04 22:20:10,positif
Pengguna Google,5,Keren dah,2019-10-04 20:35:14,positif
Pengguna Google,5,Like it,2019-10-04 13:12:14,positif
Pengguna Google,1,Maaf tdk bisa buka sejak dikinfirmasi,2019-09-28 06:11:23,negatif
Pengguna Google,5,"Saya mencoba mendaftar, tapi kenapa tidak ada pilihan sebagai mahasiswa ataupun sebagai dosen? Dan apakah aplikasi ini bisa diimplememtasikan di Sekolah Menengah?",2019-09-23 22:22:49,positif
Pengguna Google,1,Belum semua Universitas ada... Contoh Universitas Halu Oleo dan Universitas Sembilanbelas November Kolaka,2019-09-21 03:39:40,negatif
Pengguna Google,1,"Kecewa, kenapa gak bisa menyambungkan ke akun Siakad Universitas Baturaja? Padahal kalo login langsung dari web siakad bisa. Mohon secepatnya di perbaiki masalahnya. Terima kasih",2019-09-02 07:19:06,negatif
Pengguna Google,5,Bermanfaat,2019-09-01 13:28:06,positif
Pengguna Google,5,Memudahkan sekali,2019-08-22 08:49:10,positif
Pengguna Google,5,"Aplikasi yg luar biasa, sudah terintegrasi dengan sistem informasi sevima gofeeder / gofeeder cloud. up to date dalam update, selalu sesuai kebutuhan perguruan tinggi.. Fiturnya makin hari makin nambah loh,, Yang paling di suka semua terintegrasi mulai dari penjadwalan, proses pembelajaran (absensi, nilai, materi kuliah, diskusi, dll) semua ada dalam 1 aplikasi.. keren banget pokoknya.. ayo aplikasi ini sangat baik digunakan di perguruan tinggi kamu",2019-08-21 10:37:15,positif
Pengguna Google,5,masalahnya udah di fix dan sekarang udah bisa log in,2019-08-20 23:56:05,positif
Pengguna Google,5,👌,2019-08-20 23:06:12,positif
Pengguna Google,5,sangat membantu sekali,2019-08-20 11:18:10,positif
Pengguna Google,5,"maaf mau tanya saya masuk ke akun edlink tapi tidak menghubungkan ke server, bagiamana cara solusi nya bisa masuk ke akun edlink",2019-08-16 11:19:26,positif
Pengguna Google,4,Bagaimana cara menyambungkan paerguruan tinggi yang tidak ada di pencarian..terimakasih,2019-08-14 13:31:41,positif
Pengguna Google,5,"setelah kampus saya kerja sama dengan edlink, saya bisa cek informasi dari dosen kapanpun dan dimanapun. bangun tidur langsung ada notif dari dosen. senang deh hehe terimakasih edlink",2019-08-09 10:04:04,positif
Pengguna Google,5,mantap. semoga makin maju,2019-07-29 10:23:37,positif
Pengguna Google,4,sudah berapa kali coba daftar tp tetap tdk bisa,2019-07-15 11:55:24,positif
Pengguna Google,1,kenapa yah setiap coba login selalu muncul email tidak valid.. padahal sudah benar email dan sandi nya..,2019-07-15 11:27:19,negatif
Pengguna Google,5,lebih simple bagus,2019-07-15 10:03:04,positif
Pengguna Google,1,"mau daftar aja susah,, udh verifikasi pas mau masuk malah gak bisa, daftar balik kok bilang nya email udh ke pakai, gimna sih ni aplikasi,,",2019-07-14 17:56:58,negatif
Pengguna Google,1,"3 email sudah saya coba, tapi tetap tidak bisa dan pemberitahuannya email tidak valid, padahal email saya semuanya aktif",2019-07-14 17:54:56,negatif
Pengguna Google,5,"ini kenapa yah setiap saya cek khs indeks prestasi semester saya turun terus yg awalnya 3, sekian jadi 2, sekian mohon kejelasannya",2019-07-12 20:05:46,positif
Pengguna Google,4,gara gara aplikasi ini gua ga bisa tipsen kampreettt😂😂😂,2019-07-09 12:16:42,positif
Pengguna Google,5,mantap. terus sempurna kan Edlink.,2019-07-08 19:29:20,positif
Pengguna Google,4,"ketika saya ingin melihat khs, kok gabisa bisa ya? saya klik menu khs aplikasi malah mengulang ke menu home. mohon solusinya",2019-07-08 11:49:38,positif
Pengguna Google,1,"4 email sudah terdaftar, namun tidak bisa dibuka.. sudah menggunakan lupa sandi, kode tidak pernah masuk ke email.. saran : untuk mempermudah tolong pake nomor hp aja untuk mendaftar.. terimakasih",2019-07-06 13:46:36,negatif
Pengguna Google,5,"ditunggu untuk fitur"" menarik lainnya",2019-07-06 11:48:09,positif
Pengguna Google,2,"gk bisa login padahal saya udh daftar, rata rata saya baca ulasannya kendalanya itu semua. padahal dalam waktu dekat ini saya mau lihat nilai kulia h tolong fast respon yaa kak",2019-07-06 08:35:36,negatif
Pengguna Google,4,udah nyaman dpake gak kyak dlu lgi,2019-07-06 07:43:05,positif
Pengguna Google,1,kenapa verifikasi emailnya lambat ? apa karena banyak yg akses ??,2019-07-05 23:30:35,negatif
Pengguna Google,1,tah apa apa,2019-07-05 22:56:54,negatif
Pengguna Google,1,Email sudah di daftar. Akan tetapi tidak bisa login. Gmn ini,2019-07-05 20:12:17,negatif
Pengguna Google,5,"Terimakasih edLink, akhirnya saya bisa login.",2019-07-05 16:38:43,positif
Pengguna Google,1,bikin nyusahin aja ni aplikasi... verifikasi aja susahnya minta ampun... gak berguna... dosa apa Kampus gue kerja sama ini aplikasi.. unfaedah..,2019-07-05 15:46:18,negatif
Pengguna Google,1,"tidak bisa login kk, padahal email-nya sudah benar, tolong solusinya kk",2019-07-04 17:15:36,negatif
Pengguna Google,5,"bagus, sangat membantu sekali",2019-07-03 13:54:18,positif
Pengguna Google,5,"the best aplikasi,cepat dan mudah",2019-07-01 17:47:20,positif
Pengguna Google,5,saya sangat suka sekali,2019-07-01 13:07:35,positif
Pengguna Google,5,Oke.. Fix update dan sudah ada perbaikan.. Trims admin..,2019-07-01 12:56:38,positif
Pengguna Google,1,saya gabisa login nih.,2019-06-30 13:45:09,negatif
Pengguna Google,4,🤩,2019-06-29 08:15:22,positif
Pengguna Google,5,"Keren,, Sangat Membantu",2019-06-28 21:56:53,positif
Pengguna Google,1,GAK BISA LOG IN . UDAH GANTI EMAIL TETEP GABISA MASUK,2019-06-25 12:01:22,negatif
Pengguna Google,5,Keren aplikasinya,2019-06-23 15:32:57,positif
Pengguna Google,1,saya tidak bisa add kampus baru? bagaimana caranya?,2019-06-22 22:12:03,negatif
Pengguna Google,1,aplikasi goblok,2019-06-15 18:17:42,negatif
Pengguna Google,1,tidak bisa login,2019-06-15 18:15:42,negatif
Pengguna Google,5,bagaimana caranya masuk kmbali ke email yang lma dan sandi yg lma yg brhubungan dengan siakad kok gk bisa,2019-05-30 19:12:51,positif
Pengguna Google,4,"mau masuk ke edlink nya gg bisa terus, padahal udh sampe bkin email baru ttep aja gg bisa",2019-05-28 08:29:10,positif
Pengguna Google,5,Kereen. terus berkembang ya..,2019-05-20 13:28:53,positif
Pengguna Google,5,"Terima kasih Edlink... dengan aplikasi ini, kampus kami sekarang jadi mudah interaksi antara dosen dengan mahasiswa.",2019-04-28 08:04:46,positif
Pengguna Google,5,sevima memang mantap...,2019-04-16 15:58:12,positif
Pengguna Google,1,nama kampus saya nggak ada,2019-04-13 09:11:39,negatif
Pengguna Google,5,good app,2019-03-21 22:34:06,positif
Pengguna Google,2,"Tidak bisa login, meskipun akun sudah verifikasi",2019-03-21 16:42:19,negatif
Pengguna Google,5,alhamdulillah aplikasinya sangat membantu dosen dan mahasiswa.,2019-03-16 08:06:22,positif
Pengguna Google,5,Sangat membantu proses belajar mengajar dan penelusuran informasi. (Revolusi Indistri 4.O),2019-03-12 20:26:19,positif
Pengguna Google,5,Bagus Untuk Digunakan,2019-03-04 10:52:52,positif
Pengguna Google,5,bagus digunakan dgn mudahnya,2019-02-26 20:19:54,positif
Pengguna Google,4,Lumayan baik,2019-02-26 19:49:00,positif
Pengguna Google,1,force close,2019-02-21 18:16:59,negatif
Pengguna Google,1,kenapa tao bisa login walapun sudah terverfikasi???,2019-02-16 09:50:58,negatif
Pengguna Google,5,"Aplikasi pendidikan masa depan, sangat bermanfaat",2019-01-15 21:05:32,positif
Pengguna Google,5,Mantap euy..,2018-11-27 22:01:19,positif
Pengguna Google,5,sangat membantu kami di akademik,2018-10-29 12:41:59,positif
Pengguna Google,5,Terimakasih. aplikasinya sangat bagus untuk keperluan administrasi d Perguruan Tinggi di seluruh Indonesia.,2018-10-26 20:57:56,positif
Pengguna Google,5,Kami sedang mendorong penggunaan nya di kampus kami,2018-10-23 20:45:26,positif
Pengguna Google,1,Kenapa selalu force close saat mau download document / file yg di share di grup?,2018-10-09 06:05:31,negatif
Pengguna Google,4,Take it easy,2018-10-01 16:15:50,positif
Pengguna Google,5,Sevima makin mantap,2018-09-23 23:49:39,positif
Pengguna Google,5,"Akademik jadi lebih flexible dan komunikatif,mantap",2018-09-12 09:39:13,positif
Pengguna Google,5,Cukup membantu mahasiswa dalam bidang pendidikan dan pelatihan.,2018-08-31 10:47:27,positif
Pengguna Google,5,Aplikasi sangat membantu proses kuliah,2018-08-21 21:30:09,positif
Pengguna Google,5,Cukup membantu....,2018-08-17 17:40:57,positif
Pengguna Google,5,"Terimakasih sudah sangat membantu dan memudahkan lembaga dan mahasiswa 
dalam melancarkan administrasi.",2018-08-16 08:40:00,positif
Pengguna Google,5,"Sangat membantu, semoga makin ditingkatkan utk lebih baik lagi",2018-08-15 13:11:26,positif
Pengguna Google,5,suka,2018-08-14 10:56:55,positif
Pengguna Google,5,Mantepp dengan update terbaruu semakin banyak fitur,2018-08-02 20:55:34,positif
Pengguna Google,4,Boleh gak apk nih di perbarui dan diperbanyak konten pelajaran y,2018-07-10 17:59:17,positif
Pengguna Google,5,bagus sekali. mempermudah penyampaian perkuliahan kepada mahasiswa.,2017-09-16 08:20:57,positif
Pengguna Google,5,Love it,2017-09-15 19:55:42,positif
Pengguna Google,2,Cara ngapus chatnya gimana? ga ada ya? banyak chat yg gapenting,2017-09-05 23:32:12,negatif
Pengguna Google,4,Apakah untuk gofedder nya sudah berjalan dengan baik atau belum,2017-08-18 18:11:08,positif
Pengguna Google,1,"Tolong kenapa saya mau join kelas,aplikasi selalu tertutup,mohon diperbaiki",2017-08-10 10:17:37,negatif
Pengguna Google,5,Bagus tpi kok forceclose yah stelah seminggu dipakai,2017-05-20 15:08:11,positif
Pengguna Google,4,Apa ini hanya untuk dosen saja?bagaimana untuk guru smk/sma?pas mau daftar ko yg ada hanya sbg mahasiswa dan dosen saja...,2017-05-03 12:29:49,positif
Pengguna Google,5,"sangat bermanfaat sekali. masukan dari saya, pada saat mengetik panjang di kolom komentar atau di text area rasanya kurang nyaman jika tidak bisa melihat text keseluruhan yang sedang diketik 👍👍👍👍👍",2017-03-15 05:53:03,positif
Pengguna Google,5,Sangat bermanfaat untuk menunjang proses perkuliahan,2017-02-23 10:37:25,positif
